encuesta_id,encuesta_latitude,encuesta_longitude,ageb_id,status,Participa.Eventos.Deportivos,Participa.En.Tandas,Participa.En.Fiestas,Participa.En.Iglesia.Templo,Participa.Solucion.Problemas.Comunidad,Conoce.Vecinos,Conoce.Vecinos.Confiaria.Ninos,Conoce.Vecinos.Confiaria.Casa,Conoce.Vecinos.Participa.Mejorar.Seguridad,Usted conoce a sus vecinos: Le interesar칤a participar,Usted conoce a sus vecinos: D칤a en que podr칤a participar en actividades con su comunidad.,Usted conoce a sus vecinos: Horario en que podr칤a participar:,Participa.Con.Autoridad.Mejorar.Seguridad,Participa con la autoridad para mejorar la seguridad: Le interesar칤a participar:,D칤a en que podr칤a participar en actividades con la autoridad,Horario en el que podr칤a participar Horario en el que podr칤a participar:,Cuando.Delito.Vecinos.Se.Reunen,Cuando.Delito.Vecinos.Organizan.Para.Vigilar,Cuando.Delito.Vecinos.Intercambian.Num.Tel,Cuando.Delito.Vecinos.Forman.Chat,Cuando.Delito.Vecinos.Ponen.Letreros.Advertencia,Cuando.Delito.Vecinos.Llaman.Policia,Cuando.Delito.Vecinos.Denuncian.Con.Autoridad,"Cuando hay un delito, en esta calle o zona los vecinos: Vigilan","Cuando hay un delito, en esta calle o zona los vecinos: Buscan desquitarse",Durante.Ultimo.Ano.Hubo.Robo.casa,Durante.Ultimo.Ano.Hubo.Robo.Calle,Durante.Ultimo.Ano.Hubo.Robo.Transporte,Durante.Ultimo.Ano.Hubo.Robo.Negocio,"Durante el 칰ltimo a침o, en esta calle o zona ha habido: Robo de partes de auto",Durante.Ultimo.Ano.Hubo.Robo.De.Vehiculo,Durante.Ultimo.Ano.Hubo.Balaceras,"Durante el 칰ltimo a침o, en esta calle o zona ha habido: Cobro de piso",Durante.Ultimo.Ano.Hubo.Violencia.Familiar,"Durante el 칰ltimo a침o, en esta calle o zona ha habido: Peleas de gallos",Riesgo.Sufrir.Delito.En.Casa,Riesgo.Sufrir.Delito.En.Calle,Riesgo.Sufrir.Delito.En.Esta.Zona,Riesgo.Sufrir.Delito.En.Esta.Ciudad,Ha.Sido.Victima.Delito.Ultimo.Ano,Caso.Ser.Victima.Delito.Llama.Policia,Caso.Ser.Victima.Delito.Hace.Denuncia,Caso.Ser.Victima.Delito.Advierte.Vecinos.Peligro,Caso.Ser.Victima.Delito.Advierte.Familia.Peligro,"En caso de ser v칤ctima del delito, Usted: Busca desquitarse","En caso de ser v칤ctima del delito, Usted: Amenazas",En caso de haber sido v칤ctima de alg칰n delito y no haber denunciado: 쯇odr칤a se침alar las razones por las que no denunci칩?,En caso de haber sido v칤ctima de alg칰n delito y no haber denunciado: 쯇odr칤a se침alar las razones por las que no denunci칩? Falta de pruebas,En caso de haber sido v칤ctima de alg칰n delito y no haber denunciado: 쯇odr칤a se침alar las razones por las que no denunci칩? Considera que es un delito de poca importancia,En caso de haber sido v칤ctima de alg칰n delito y no haber denunciado: 쯇odr칤a se침alar las razones por las que no denunci칩? Conoce al agresor o agresores,En caso de haber sido v칤ctima de alg칰n delito y no haber denunciado: 쯇odr칤a se침alar las razones por las que no denunci칩? Desconf칤a de las autoridades,En caso de haber sido v칤ctima de alg칰n delito y no haber denunciado: 쯇odr칤a se침alar las razones por las que no denunci칩? Teme a que lo extorsionen,En caso de haber sido v칤ctima de alg칰n delito y no haber denunciado: 쯇odr칤a se침alar las razones por las que no denunci칩? Falta de tiempo,En caso de haber sido v칤ctima de alg칰n delito y no haber denunciado: 쯇odr칤a se침alar las razones por las que no denunci칩? Son tr치mites complicados,En caso de haber sido v칤ctima de alg칰n delito y no haber denunciado: 쯇odr칤a se침alar las razones por las que no denunci칩? Desconoce d칩nde denunciar,En caso de haber sido v칤ctima de alg칰n delito y no haber denunciado: 쯇odr칤a se침alar las razones por las que no denunci칩? Aunque denuncie no va a pasar nada,Padres.Participan.Actividades.Con.Hijos,Vecinos.Organizan.Prevenir.Delitos,Hay.Personas.Amables,Hay.Personas.Que.Siempre.Ayudan.A.Otros,Hay.Personas.A.Las.Que.Todos.Tienen.Miedo,En esta calle o zona hay personas: Que acosan a menores,En esta calle o zona hay personas: Que acosan a mujeres,Hay.Personas.Que.Se.Emborrachan.O.Drogan,Hay.Personas.Que.Han.Estado.Carcel,Hay.Personas.Sospechosas,En esta calle o zona hay violencia: Entre mujeres,Hay.Violencia.Entre.Hombres,Hay.Violencia.Entre.Familias,En esta calle o zona hay violencia: Entre adultos y j칩venes,Hay.Violencia.Entre.Jovenes,Conflictos.Entre.Vecinos.Conciliando.Con.Tercera.Persona,si.Conflictos.Entre.Vecinos.Dialogando,si.Conflictos.Entre.Vecinos.Se.Manejan.Respetuosamente,si.Conflictos.Entre.Vecinos.Se.Manejan.A.Gritos,si.Conflictos.Entre.Vecinos.Se.Manejan.Con.Golpes,"En esta calle o zona, cuando hay conflictos entre vecinos se manejan: Con cuchillos, navajas o machetes","En esta calle o zona, cuando hay conflictos entre vecinos se manejan: Con armas de fuego, como pistolas o rifles","En esta calle o zona, cuando hay conflictos entre vecinos se manejan: Desquit치ndose del otro",En esta calle o zona hay ni침os o adolescentes que se quedan encerrados con llave:,En esta calle o zona hay ni침os o adolescentes que se quedan encerrados con llave: Por la inseguridad,En esta calle o zona hay ni침os o adolescentes que se quedan encerrados con llave: Descuido de los padres,En esta calle o zona hay ni침os o adolescentes que se quedan encerrados con llave: Castigo,En esta calle o zona hay ni침os o adolescentes que se quedan encerrados con llave: Trabajo de los padres,En esta calle o zona hay ni침os que se quedan la mayor parte del d칤a sin comer:,En esta calle o zona hay ni침os que se quedan la mayor parte del d칤a sin comer: Por descuido de los padres,En esta calle o zona hay ni침os que se quedan la mayor parte del d칤a sin comer: Castigo,En esta calle o zona hay ni침os que se quedan la mayor parte del d칤a sin comer: Falta de dinero,En esta calle o zona hay ni침os que se quedan la mayor parte del d칤a sin comer: Trabajo de los padres,Jovenes.Hacen.Deporte,Jovenes.Ayudan.Otros,Mayoria.De.Jovenes.Estudian.Trabajan,Jovenes.Andan.Pandillas,En esta calle o zona hay j칩venes que: Andan armados,En esta calle o zona hay j칩venes que: Destruyen o vandalizan propiedad ajena,Jovenes.Son.Violentos,En esta calle o zona hay j칩venes que: Amenazan a los vecinos,Hay.Parque,Hay.Parque.En.Buen.Estado,Hay.Parque.Utilizado.Por.Ninos,Hay.Parque.Utilizado.Por.Jovenes,Hay.Parque.Utilizado.Por.Pandillas,Hay.Parque.Utilizado.Por.Familias,Hay.Parque.Utilizado.Por.Personas.Tercera.Edad,Hay.Parque.Utilizado.Por.Adultos,Hay.Parque.Actividades.Supervisadas.Por.Adultos,Hay.Parque.Utilizado.Por.Vandalos,Hay.Parque.Utilizado.Por.Personas.Otras.Zonas,Hay.Parque.Utilizado.Por.Usted,Hay.Banquetas,Hay.Baches,Hay.Letreros.De.Calles,Hay.Tiendita,Hay.Alumbrado,Hay.Consumo.Alcohol.En.Calle,Hay.Horarios.Transporte.Convenientes,En esta zona hay: Una parada de cami칩n cerca de esta casa,Hay.Terrenos.Baldios,Hay.Basura,Hay.Autos.Abandonados,Hay.Casas.Abandonadas,Hay.Vandalismo,Hay.Grafiti,En esta zona hay: Venta de thinner o pegamento a menores,Hay.Venta.Alcohol.Cigarros.A.Menores,Hay.Venta.Droga,Hay.Venta.Alcohol.Despues.De.Once.Noche,Usted supo que alg칰n menor de 18 a침os: Se fue de la casa,Usted supo que alg칰n menor de 18 a침os: Sufri칩 violencia,Algun.Menor.Abandono.Escuela,Algun.Menor.Tiene.Problemas.Conducta,Algun.Menor.Quedo.Embarazada,Corregir.Ninos.Recomienda.Castigarle,Corregir.Ninos.Recomienda.Gritarle,Corregir.Ninos.Recomienda.Darle.Nalgadas,"Para corregir a un ni침o o ni침a que se porta mal, Usted recomienda: Darle una golpiza . cueriza",Corregir.Ninos.Recomienda.Explicarle.Esta.Mal,Corregir.Ninos.Recomienda.Aconsejarle,Corregir.Ninos.Recomienda.Ensenar.Ejemplo,En.Casa.Todos.Se.Conocen,En.Casa.Platican.Unos.Con.Otros,En.Casa.Comen.Juntos,En.Casa.Se.Ayudan.Gastos,En.Casa.Discuten,En.Casa.Se.Gritan,En esta casa: (APLICA TARJETON) Llegan a los golpes,En.Casa.Se.Ignoran,En.Casa.Alguien.Tiene.Discapacidad,En esta casa alguien (APLICA TARJETON) Ha sufrido violencia debido a su discapacidad,"En esta casa alguien (APLICA TARJETON) Sabe manejar armas de fuego, como pistolas o rifles",En esta casa alguien (APLICA TARJETON) Habla de comprar armas de fuego,En.Casa.Alguien.No.Habla.Espanol,En.Casa.Alguien.Necesita.Ayuda.Obesidad,En.Casa.Alguien.Necesita.Ayuda.Fumar,En.Casa.Alguien.Necesita.Ayuda.Beber,En esta casa alguien (APLICA TARJETON) Necesita ayuda por drogas,Ultimo.Ano.Por.Seguridad.Ha.Pensado.Cambiarse.Casa,Ultimo.Ano.Por.Seguridad.Ha.Pensado.Cambiarse.Ciudad,Ultimo.Ano.Por.Seguridad.Ha.Pensado.Cambiarse.Estado,"En el 칰ltimo a침o, por cuestiones de seguridad ha pensado en: Cambiarse de trabajo","En el 칰ltimo a침o, por cuestiones de seguridad ha pensado en: Cerrar su negocio","En el 칰ltimo a침o, por cuestiones de seguridad ha pensado en: Cambiar a los hijos de escuela",Ultimo.Ano.Por.Seguridad.Ha.Pensado.Dejo.Salir.Noche,Ultimo.Ano.Por.Seguridad.Dejo.De.Salir.Caminar,Ultimo.Ano.Por.Seguridad.Impidio.Ninos.Salieran.Calle,Ult.Ano.Por.Seguridad.Evito.Relacionarse.Nuevas.Personas,Ultimo.Ano.Por.Seguridad.Dejo.De.Visitar.Parientes.Amigos,"En el 칰ltimo a침o, por cuestiones de seguridad Usted: Dej칩 de usar transporte p칰blico.combi",Ultimo.Ano.Por.Seguridad.Dejo.Usar.Taxi,Ultimo.Ano.Por.Seguridad.Dejo.De.Llevar.Mucho.Efectivo,Ultimo.Ano.Por.Seguridad.Dejo.De.Usar.Joyas,Policia.Cuida.Vigila.Bien,Policia.Comete.Abusos,Policia.Acude.Llamados,Policia.Pide.Mordidas,Policia.Hace.Rondines,Policia.Comete.Delitos,Confianza.Que.Tiene.En.La.Policia,Confianza.Que.Tiene.En.Ministerio.Publico,Confianza.Que.Tiene.En.La.Institucion.Educativa.De.Zona,"Del 1 al 5, con el 5 como mejor calificaci칩n, califique la confianza que Usted tiene en:  Su comisario ejidal",Confianza.Que.Tiene.En.Su.Presidente.Municipal,Confianza.Que.Tiene.En.El.Gobernador,Calificacion.Trabajo.De.La.Policia,Calificacion.Trabajo.Del.Ministerio.Publico.Para.Denunciar,Calificacion.Trabajo.De.Empleados.De.Gobierno,"Del 1 al 5, califique el trabajo de: Su comisario ejidal",Calificacion.Trabajo.Presidente.Municipal,Calificacion.Trabajo.Del.Gobernador,Calificacion.Trato.Que.Da.La.Policia,Calificacion.Trato.Que.Da.Ministerio.Publico.Para.Denunciar,Calificacion.Trato.Recibe.De.Los.Empleados.De.Gobierno,"Del 1 al 5, califique el trato que recibe de: Su comisario ejidal",Calificacion.Trato.Recibe.De.Su.Presidente.Municipal,Calificacion.Trato.Recibe.Del.Gobernador,Sexo,Num.Personas.Viven.Esta.Casa,Cuantos.Hombres,Cuantas.Mujeres,Cuantos.Menores,La.Madre.De.Los.Menores.Vive.En.Casa,El.Padre.De.Los.Menores.Vive.En.Casa,Esta.Casa.Es.Propia,Tiempo.Viviendo.En.Q.Roo,Tiempo.Viviendo.En.Esta.Casa
10568,21.2297165,-86.7283699,2.30E+12,VALID,0,0,1,1,1,1,1,1,0,0,,,0,0,,,0,0,1,1,0,1,0,0,0,0,0,0,0,0,0,0,0,0,0,1,2,1,2,0,1,1,1,1,0,0,0,,,,,,,,,,1,1,1,1,0,0,0,1,0,0,0,0,0,0,0,0,1,1,0,0,0,0,0,0,,,,,0,,,,,1,1,1,0,0,0,0,0,1,0,1,1,0,1,1,1,0,1,1,1,1,1,1,0,0,0,0,0,1,1,0,0,0,0,0,0,0,0,0,0,0,0,0,0,0,0,0,1,1,1,1,1,1,1,1,0,0,0,0,-,0,0,0,0,0,0,0,0,0,0,0,0,0,0,0,0,0,0,N/A,0,0,0,1,0,0,0,1,0,4,5,5,-1,5,5,5,5,5,-1,5,5,5,5,5,-1,5,5,H,10,4,6,3,1,1,1,MaS DE 10 A헲S,ENTRE 6 Y 10 A헲S
10580,21.2303631,-86.7281228,2.30E+12,VALID,0,0,1,1,1,1,1,0,1,-,,,1,,,,0,0,0,0,0,1,1,0,0,0,0,0,1,0,0,1,0,0,0,1,1,2,1,0,1,0,1,1,0,0,0,,,,,,,,,,1,1,1,1,0,0,0,1,0,0,0,0,0,0,0,0,1,1,1,0,0,0,0,0,,,,,0,,,,,1,1,1,0,0,0,0,0,1,1,1,1,0,1,1,1,1,0,0,1,1,1,1,0,0,0,0,0,1,1,0,1,0,0,0,0,0,0,0,0,0,0,1,0,0,0,0,1,1,1,1,1,1,1,1,0,0,0,0,-,0,0,0,0,0,0,0,0,0,1,0,0,0,0,0,0,0,0,N/A,0,1,0,0,0,1,0,1,0,5,5,5,-1,5,5,4,4,4,-1,5,5,5,5,5,-1,5,5,H,4,1,3,1,0,1,1,MaS DE 10 A헲S,MaS DE 10 A헲S
10596,21.2297551,-86.7286249,2.30E+12,VALID,0,0,1,1,0,1,0,0,0,1,"SABADO, DOMINGO, SABADO, DOMINGO","MA칌ANA, MA칌ANA",1,,,,1,0,1,0,0,1,1,0,0,1,1,0,0,0,0,1,0,0,0,4,4,4,3,0,1,1,1,1,0,0,0,,,,,,,,,,1,1,1,0,0,0,0,0,0,0,0,0,1,0,0,0,1,1,0,0,0,0,0,0,,,,,0,,,,,1,1,1,0,0,0,0,0,1,1,1,1,0,0,0,0,0,0,1,1,1,1,1,1,1,0,0,0,0,1,0,0,0,0,0,0,0,0,0,0,1,1,0,0,0,0,0,1,1,1,1,1,1,1,1,0,0,0,0,-,0,0,1,0,0,0,0,0,0,0,0,0,0,1,0,1,0,0,N/A,0,1,1,0,0,1,0,0,0,4,4,5,-1,4,4,4,4,4,-1,4,4,4,4,5,-1,4,4,H,6,3,3,2,1,1,1,MaS DE 10 A헲S,MaS DE 10 A헲S
10614,21.2582636,-86.7500439,2.30E+12,VALID,0,0,0,1,0,1,0,0,0,0,,,1,,,,1,0,0,0,0,1,0,0,0,1,1,0,1,0,0,1,0,0,0,3,4,4,4,0,1,1,1,1,0,0,0,,,,,,,,,,1,0,1,0,0,0,0,0,0,0,0,0,0,0,1,0,1,0,0,0,0,0,0,0,,,,,0,,,,,1,0,1,0,0,0,0,0,0,-1,-1,-1,-1,-1,-1,-1,-1,-1,-1,-1,0,1,1,1,1,0,0,0,0,1,0,0,0,0,0,0,1,0,0,0,0,0,0,1,0,1,0,1,1,1,1,1,1,1,0,0,0,0,0,-,0,0,0,0,0,0,0,0,0,0,N/A,N/A,0,0,0,-1,0,0,0,0,1,1,0,0,1,0,1,0,3,4,4,-1,3,3,3,3,3,-1,2,2,3,3,3,-1,-1,-1,M,4,2,2,1,1,1,1,MaS DE 10 A헲S,MaS DE 10 A헲S
10625,21.2282085,-86.7277126,2.30E+12,VALID,0,0,0,1,0,1,1,1,1,-,,,1,,,,0,0,1,0,0,1,0,0,0,0,0,0,1,0,0,1,0,0,0,1,1,1,1,0,1,1,1,1,0,0,0,,,,,,,,,,0,0,1,1,0,0,0,1,0,0,1,0,1,0,0,0,0,1,0,0,0,0,0,0,,,,,0,,,,,1,0,1,0,0,0,0,0,0,-1,-1,-1,-1,-1,-1,-1,-1,-1,-1,-1,1,1,1,1,1,0,0,0,1,1,0,0,0,0,0,0,0,0,0,0,0,0,0,0,0,0,0,1,1,1,1,1,1,0,1,0,0,1,0,-,0,0,0,0,0,0,0,0,0,0,N/A,0,0,0,0,0,0,0,N/A,0,0,0,0,0,1,0,1,0,4,4,5,-1,3,3,4,4,5,-1,2,4,3,3,4,-1,2,3,M,6,4,2,2,1,1,1,MaS DE 10 A헲S,MaS DE 10 A헲S
10628,21.2592588,-86.7498626,2.30E+12,VALID,0,0,1,1,0,1,0,0,1,-,,,0,1,"SABADO, SABADO","TARDE, TARDE",0,0,0,0,0,1,0,0,0,0,1,0,0,0,0,0,0,0,0,1,5,5,5,0,1,1,1,1,0,0,0,,,,,,,,,,1,0,1,0,0,0,0,0,0,0,0,0,0,0,0,0,1,0,0,0,0,0,0,0,,,,,0,,,,,1,0,1,0,0,0,0,0,0,-1,-1,-1,-1,-1,-1,-1,-1,-1,-1,-1,0,1,0,1,1,0,0,1,1,0,0,0,0,0,0,0,0,0,0,0,0,0,0,1,0,0,0,1,1,1,1,1,1,0,1,0,0,0,1,0,0,0,1,0,0,0,0,0,0,0,N/A,N/A,N/A,1,0,-1,0,0,N/A,0,1,1,1,0,1,0,1,0,3,3,-1,-1,4,4,4,3,3,-1,3,3,3,3,3,-1,3,3,M,8,2,6,2,1,1,1,MaS DE 10 A헲S,MaS DE 10 A헲S
10653,21.2277507,-86.7273654,2.30E+12,VALID,0,0,1,1,0,1,1,1,1,-,,,1,,,,1,1,1,0,1,1,0,0,0,0,0,0,0,0,0,0,0,0,0,1,1,2,2,0,1,1,1,1,0,0,0,,,,,,,,,,1,0,1,1,0,0,0,0,0,0,0,0,0,0,0,0,1,1,0,0,0,0,0,0,,,,,0,,,,,1,1,1,0,0,0,0,0,1,1,1,1,0,1,1,1,1,0,1,1,1,1,1,1,1,0,0,0,1,0,0,0,0,0,0,0,0,0,0,0,0,0,0,0,0,0,0,1,1,1,1,1,1,1,0,0,0,0,0,-,0,0,1,0,0,0,0,0,0,0,0,N/A,0,0,0,0,0,0,N/A,0,0,0,0,0,1,0,0,0,4,4,5,-1,2,2,4,5,5,-1,2,4,4,4,5,-1,2,-1,H,6,3,3,2,1,1,1,MaS DE 10 A헲S,ENTRE 6 Y 10 A헲S
10664,21.2583631,-86.7495627,2.30E+12,VALID,0,0,0,0,0,1,0,0,1,-,,,1,,,,0,0,0,0,0,1,0,1,0,0,0,0,1,0,0,1,0,0,0,1,5,4,5,0,1,1,1,1,0,0,0,,,,,,,,,,0,0,1,0,0,0,0,0,0,0,0,0,0,0,0,0,0,0,0,0,0,0,0,0,,,,,0,,,,,0,1,1,0,0,0,0,0,1,1,1,1,0,1,1,0,0,0,0,1,1,1,1,1,1,0,0,0,0,1,0,0,0,0,0,0,0,0,0,0,0,0,0,1,0,1,0,1,1,1,1,1,1,1,0,0,0,0,0,-,0,0,0,0,0,0,0,0,0,0,0,N/A,N/A,0,0,-1,0,0,N/A,0,1,1,1,0,1,0,1,0,2,2,-1,-1,2,2,2,2,2,-1,2,2,3,2,2,-1,3,3,M,3,1,2,0,-1,-1,0,ENTRE 1 Y 5 A헲S,ENTRE 1 Y 5 A헲S
10665,21.2591214,-86.7498479,2.30E+12,VALID,0,0,0,0,0,1,0,0,0,0,,,0,0,,,0,0,0,0,0,1,0,0,0,1,1,0,1,0,0,1,0,1,0,3,5,5,5,0,1,1,1,1,0,0,0,,,,,,,,,,1,0,1,0,0,1,0,0,0,0,0,0,0,0,0,0,0,0,0,0,0,0,0,0,,,,,0,,,,,1,0,1,0,0,0,0,0,0,-1,-1,-1,-1,-1,-1,-1,-1,-1,-1,-1,1,1,1,1,1,1,1,0,0,0,0,1,0,0,0,1,0,0,0,0,1,0,0,1,0,0,0,1,1,1,1,1,1,1,1,0,0,0,0,-,0,0,1,0,0,0,0,0,0,0,N/A,0,0,1,0,0,0,0,N/A,0,1,1,0,0,1,1,1,1,2,1,3,-1,2,2,2,2,2,-1,2,2,1,1,2,-1,-1,-1,M,4,2,2,2,1,1,1,MaS DE 10 A헲S,MaS DE 10 A헲S
10673,21.2276804,-86.7269578,2.30E+12,VALID,0,0,0,1,1,1,0,1,1,-,,,1,,,,0,0,0,0,0,1,0,0,0,0,0,0,0,0,0,0,0,0,0,1,1,1,1,0,1,1,1,1,0,0,0,,,,,,,,,,1,0,1,1,0,0,0,1,0,0,0,0,0,0,0,0,1,0,0,0,0,0,0,0,,,,,0,,,,,1,1,1,0,0,0,0,0,0,-1,-1,-1,-1,-1,-1,-1,-1,-1,-1,-1,1,0,1,1,1,0,0,0,1,1,0,0,0,0,0,0,0,0,0,0,0,0,0,0,0,0,0,1,1,1,1,1,1,1,0,0,0,0,0,-,0,0,1,0,0,0,0,0,0,0,0,N/A,0,0,0,0,0,0,N/A,0,1,0,1,0,1,0,1,0,5,5,5,-1,3,5,4,4,5,-1,3,4,4,4,5,-1,2,5,H,4,2,2,1,0,1,1,MaS DE 10 A헲S,MaS DE 10 A헲S
10677,21.2583319,-86.7495469,2.30E+12,VALID,0,0,0,1,0,1,0,0,0,0,,,0,0,,,0,0,0,0,0,1,0,0,0,0,0,0,1,0,0,1,0,0,0,4,5,5,5,0,1,0,0,0,0,0,0,,,,,,,,,,1,0,1,0,0,0,0,0,0,1,0,0,0,0,0,0,1,0,0,0,0,0,0,0,,,,,0,,,,,1,0,1,0,0,0,0,0,1,1,1,1,0,1,1,0,0,0,1,1,1,0,1,1,1,0,0,0,0,1,0,0,0,0,0,0,0,0,0,0,1,0,0,1,0,1,0,0,0,0,1,1,1,1,0,0,0,0,0,-,0,0,0,0,0,0,0,0,0,0,N/A,N/A,N/A,0,0,-1,0,0,N/A,0,1,1,0,0,1,0,1,0,2,2,-1,-1,3,3,3,3,3,-1,3,3,2,2,2,-1,-1,-1,M,1,0,1,0,-1,-1,1,MaS DE 10 A헲S,MaS DE 10 A헲S
10691,21.2573273,-86.7486937,2.30E+12,VALID,0,0,1,0,1,1,1,1,1,-,,,1,,,,0,0,1,0,0,1,0,0,0,1,0,0,1,0,0,1,0,0,0,3,5,5,5,0,1,1,1,1,0,0,0,,,,,,,,,,1,0,1,0,0,0,0,0,0,1,0,0,0,0,0,0,1,0,0,0,0,0,0,0,,,,,0,,,,,1,0,1,0,0,0,0,0,1,1,1,1,0,1,1,1,0,0,0,1,1,1,1,1,1,1,0,0,1,1,0,0,0,0,0,1,0,0,0,0,0,0,0,0,0,0,0,1,1,1,1,1,1,1,1,0,0,0,0,-,0,0,0,0,0,0,0,0,0,0,0,N/A,0,0,0,0,0,0,N/A,0,1,1,0,1,1,1,1,1,2,3,4,-1,3,3,3,3,3,-1,2,1,3,3,2,-1,-1,-1,H,4,2,2,0,-1,-1,1,MaS DE 10 A헲S,MaS DE 10 A헲S
10704,21.2272828,-86.7263498,2.30E+12,VALID,0,0,1,1,1,1,0,0,1,-,,,1,,,,0,0,0,0,0,1,1,0,0,0,0,0,0,0,0,0,0,0,0,1,1,2,3,0,1,1,1,1,0,0,0,,,,,,,,,,0,0,1,1,1,0,0,1,0,0,0,0,0,0,0,0,0,0,0,0,0,0,0,0,,,,,0,,,,,1,1,1,0,0,0,0,0,1,1,1,0,0,0,1,1,0,0,1,1,1,0,1,1,1,0,0,0,0,0,0,0,0,0,0,0,0,0,0,0,1,1,0,1,0,0,0,1,1,1,1,1,1,0,0,1,0,1,0,-,0,0,0,0,0,1,0,1,0,0,N/A,N/A,0,1,1,1,1,0,N/A,0,1,0,0,0,0,1,0,1,3,3,3,-1,1,3,3,3,4,-1,1,3,3,3,5,-1,1,3,M,5,3,2,3,1,0,0,MaS DE 10 A헲S,MaS DE 10 A헲S
10707,21.2348155,-86.7313447,2.30E+12,VALID,0,0,0,0,0,0,-1,-1,-1,-,,,0,0,,,1,0,0,0,0,1,1,0,0,0,0,0,0,0,0,0,0,0,0,3,4,4,4,0,1,1,1,1,0,0,0,,,,,,,,,,1,1,1,1,0,0,0,0,0,0,0,0,0,0,0,1,1,1,0,0,0,0,0,0,,,,,0,,,,,1,0,0,0,0,0,0,0,1,1,1,1,0,1,1,1,1,0,1,1,1,0,0,1,1,0,0,0,0,0,0,0,0,0,0,0,0,0,0,0,0,0,0,1,1,1,0,1,1,1,1,1,1,1,0,0,0,0,0,-,0,0,0,0,0,0,0,0,0,0,0,0,0,0,0,0,0,0,0,0,0,0,1,0,1,0,1,0,3,3,3,-1,3,3,3,3,3,-1,3,3,3,3,3,-1,3,3,H,4,2,2,0,-1,-1,1,MaS DE 10 A헲S,MaS DE 10 A헲S
10709,21.2575461,-86.7486073,2.30E+12,VALID,0,0,1,0,0,1,0,0,0,0,,,0,0,,,0,0,0,0,0,1,1,0,0,0,1,0,1,0,0,1,0,0,0,3,3,3,4,0,1,1,1,1,0,0,0,,,,,,,,,,1,0,1,0,0,0,0,0,0,0,0,0,0,0,1,0,1,1,0,0,0,0,0,0,,,,,0,,,,,1,0,1,0,0,0,0,0,0,-1,-1,-1,-1,-1,-1,-1,-1,-1,-1,-1,1,1,1,1,1,1,0,0,0,1,0,0,0,0,0,1,0,0,0,0,0,0,0,1,0,1,0,1,1,1,1,1,1,0,0,0,0,0,0,-,0,0,1,0,0,0,0,0,0,0,N/A,0,N/A,0,0,-1,0,0,N/A,0,1,1,0,1,1,0,1,1,1,1,4,-1,2,2,2,2,3,-1,2,2,2,2,2,-1,-1,-1,H,1,1,0,0,-1,-1,1,MaS DE 10 A헲S,MaS DE 10 A헲S
10728,21.2271333,-86.72697,2.30E+12,VALID,0,0,1,1,1,1,0,0,1,-,,,1,,,,1,0,0,0,0,1,1,0,0,0,1,0,0,0,0,0,0,0,0,1,1,1,1,0,1,1,1,1,0,0,0,,,,,,,,,,1,0,1,1,0,0,0,1,0,0,0,0,0,1,0,0,1,1,0,0,0,0,0,0,,,,,0,,,,,1,0,1,0,0,0,0,0,1,1,1,0,0,1,1,1,0,0,1,1,1,0,1,0,1,0,0,0,0,0,0,0,0,0,0,0,0,0,0,0,0,0,0,1,0,0,0,1,1,1,1,1,1,1,1,0,0,0,0,-,0,0,0,0,0,0,0,0,0,0,0,0,N/A,0,0,-1,0,0,N/A,0,0,0,1,0,1,0,1,0,4,2,5,-1,3,3,4,4,4,-1,3,5,5,5,5,-1,3,5,H,4,1,3,0,-1,-1,1,MaS DE 10 A헲S,MaS DE 10 A헲S
10734,21.2579854,-86.7477092,2.30E+12,VALID,0,0,0,0,0,1,0,0,0,0,,,0,0,,,0,0,0,0,0,1,0,0,0,0,1,0,0,0,0,1,0,0,0,2,2,5,5,0,1,1,1,1,0,0,0,,,,,,,,,,1,0,1,0,0,0,0,1,0,0,0,0,0,0,0,0,1,1,0,0,0,0,0,0,,,,,0,,,,,1,0,1,0,0,0,0,0,1,1,1,1,0,1,1,0,0,0,1,1,1,1,1,1,1,0,0,0,0,1,0,0,0,0,0,0,0,0,0,0,0,0,0,1,0,0,0,1,1,1,1,1,1,1,1,0,0,0,0,-,0,0,1,0,0,0,0,0,0,0,0,N/A,0,0,0,1,0,0,N/A,0,1,1,1,0,1,0,0,0,2,2,3,-1,2,2,2,3,3,-1,3,3,3,2,3,-1,-1,-1,M,4,2,2,1,1,0,0,ENTRE 6 Y 10 A헲S,ENTRE 1 Y 5 A헲S
10738,21.2337692,-86.7301488,2.30E+12,VALID,0,0,1,1,0,1,0,0,1,-,,,1,,,,1,1,1,1,0,1,1,1,0,0,0,0,0,0,0,0,0,0,0,4,4,4,4,0,1,1,1,1,0,0,0,,,,,,,,,,0,1,1,1,0,0,0,0,0,0,0,0,0,0,0,1,1,1,0,0,0,0,0,0,,,,,0,,,,,1,1,0,0,0,0,0,0,0,-1,-1,-1,-1,-1,-1,-1,-1,-1,-1,-1,1,0,1,1,1,0,0,0,0,0,0,0,0,0,0,0,0,0,0,0,0,0,0,1,0,1,0,1,1,1,1,1,1,1,0,0,0,0,0,-,0,0,0,0,0,0,0,0,0,0,0,0,0,0,0,0,0,0,0,0,0,0,1,0,1,0,1,0,3,3,4,-1,4,4,3,3,3,-1,4,4,3,3,3,-1,4,4,H,1,1,0,0,-1,-1,0,MaS DE 10 A헲S,MaS DE 10 A헲S
10746,21.2577366,-86.7475218,2.30E+12,VALID,0,0,0,0,0,1,0,0,0,0,,,1,,,,1,0,0,0,0,1,0,0,0,1,0,0,1,0,0,1,0,0,0,1,2,4,4,0,1,1,1,1,0,0,0,,,,,,,,,,1,1,1,0,0,0,0,0,0,0,0,0,0,0,0,0,0,0,0,0,0,0,0,0,,,,,0,,,,,0,1,1,0,0,0,0,0,0,-1,-1,-1,-1,-1,-1,-1,-1,-1,-1,-1,1,1,1,1,1,1,0,0,0,1,0,0,0,0,0,0,0,0,0,0,1,0,0,1,0,0,0,1,1,1,1,1,0,1,1,0,0,0,0,-,0,0,0,0,1,0,0,0,0,0,0,N/A,N/A,0,0,-1,0,0,N/A,0,1,1,1,0,1,0,1,0,2,2,-1,-1,2,2,2,2,2,-1,2,2,2,2,3,-1,-1,-1,H,2,1,1,0,-1,-1,0,ENTRE 1 Y 5 A헲S,ENTRE 1 Y 5 A헲S
10760,21.2273799,-86.7274096,2.30E+12,VALID,0,1,1,1,1,1,0,1,1,-,,,1,,,,1,0,0,0,0,0,0,0,0,0,0,0,0,0,0,0,0,0,0,1,1,1,1,0,1,1,1,1,0,0,0,,,,,,,,,,0,0,1,0,0,0,0,1,0,0,0,0,0,0,0,0,0,0,1,0,0,0,0,0,,,,,0,,,,,1,1,1,0,0,0,0,0,1,1,1,0,0,0,1,1,1,0,1,1,1,0,1,1,1,0,0,0,0,0,0,0,0,0,0,0,0,0,1,0,1,0,0,1,0,0,0,1,1,1,1,1,1,1,1,1,0,1,0,-,0,0,0,0,1,1,1,1,1,0,N/A,N/A,N/A,0,0,-1,0,0,N/A,1,0,0,0,0,1,0,0,0,4,4,5,-1,4,4,4,4,5,-1,2,1,3,3,3,-1,2,-1,M,3,2,1,1,1,1,1,MaS DE 10 A헲S,ENTRE 1 Y 5 A헲S
10769,21.257486,-86.7468654,2.30E+12,VALID,0,0,0,0,0,1,0,0,0,0,,,1,,,,0,0,0,0,0,1,0,0,0,0,1,0,0,0,0,1,0,0,0,2,2,2,3,0,1,1,1,1,0,0,0,,,,,,,,,,0,0,1,0,0,0,0,0,0,0,0,0,0,0,0,0,1,1,0,0,0,0,0,0,,,,,0,,,,,0,0,1,0,0,0,0,0,1,1,1,1,0,1,1,1,0,0,0,1,1,1,1,1,1,1,0,0,1,1,0,0,0,0,0,0,0,0,0,0,1,0,0,1,0,1,0,1,1,1,1,1,1,1,1,0,0,0,0,-,0,0,1,0,0,0,0,0,0,0,0,N/A,N/A,0,0,-1,0,0,N/A,0,1,1,0,0,1,0,0,0,2,2,-1,-1,2,2,3,2,2,-1,3,3,2,2,3,-1,-1,-1,H,3,2,1,0,-1,-1,0,MaS DE 10 A헲S,MaS DE 10 A헲S
10770,21.2329402,-86.7307941,2.30E+12,VALID,0,0,0,0,0,1,0,0,0,0,,,0,0,,,0,0,0,0,0,0,0,0,0,0,0,0,0,0,0,0,0,0,0,1,3,5,5,0,1,1,1,1,0,0,0,,,,,,,,,,1,0,1,1,0,0,0,0,0,0,0,0,0,0,0,0,0,0,0,0,0,0,0,0,,,,,0,,,,,0,0,1,0,0,0,0,0,1,1,1,1,0,1,1,1,1,0,1,1,1,0,0,1,1,1,0,0,1,1,0,0,0,0,0,0,0,0,0,0,0,0,0,1,0,1,0,1,1,1,1,1,1,1,0,0,0,0,0,-,0,0,0,0,0,0,0,0,0,0,N/A,0,N/A,1,1,-1,0,0,0,0,0,0,1,0,1,0,1,0,3,1,-1,-1,1,5,3,1,1,-1,1,5,3,1,1,-1,1,5,M,5,2,3,0,-1,-1,1,MaS DE 10 A헲S,MaS DE 10 A헲S
10790,21.2267933,-86.72672,2.30E+12,VALID,0,1,0,1,1,1,1,1,1,-,,,1,,,,1,0,0,0,0,1,1,0,0,1,0,0,1,0,0,1,0,1,0,1,1,1,1,0,1,1,1,1,0,0,0,,,,,,,,,,1,1,1,1,0,0,0,0,0,0,0,0,0,0,0,0,0,0,0,0,0,0,0,0,,,,,0,,,,,1,1,1,0,0,0,0,0,1,1,1,1,0,1,1,1,1,0,1,1,1,0,1,1,1,0,0,0,0,0,0,0,0,0,0,0,0,0,0,0,0,0,1,1,0,0,0,1,1,1,1,1,1,1,1,0,0,1,0,-,0,0,1,0,0,0,0,0,0,0,N/A,N/A,0,0,0,0,0,0,N/A,0,0,0,1,0,1,0,1,0,2,1,2,-1,1,1,3,2,4,-1,3,3,3,3,5,-1,2,2,M,6,3,3,1,1,1,1,MaS DE 10 A헲S,MaS DE 10 A헲S
10797,21.2570296,-86.7480844,2.30E+12,VALID,0,0,0,0,0,1,0,0,0,0,,,1,,,,1,0,0,0,0,1,0,1,0,1,0,0,1,0,0,0,0,0,0,2,3,3,3,0,1,1,1,1,0,0,0,,,,,,,,,,1,0,0,0,0,0,0,0,0,0,0,0,0,0,0,0,1,1,0,0,0,0,0,0,,,,,0,,,,,1,0,1,0,0,0,0,0,1,1,1,1,0,1,1,1,0,0,0,1,1,1,1,1,1,0,0,0,0,1,0,0,0,0,0,0,0,0,0,0,0,0,0,1,0,0,0,1,1,1,1,1,1,1,1,0,0,0,0,-,0,0,0,0,0,0,0,0,0,0,N/A,0,N/A,0,0,-1,0,0,N/A,0,1,1,0,0,0,0,1,0,2,2,-1,-1,2,2,2,2,3,-1,1,1,2,2,4,-1,-1,-1,H,3,2,1,0,-1,-1,0,MaS DE 10 A헲S,MaS DE 10 A헲S
10800,21.2313913,-86.7299488,2.30E+12,VALID,1,0,1,1,1,1,0,0,1,-,,,1,,,,1,1,1,1,1,1,1,1,0,0,0,0,0,0,0,0,0,0,0,1,1,1,1,0,1,1,1,1,0,0,0,,,,,,,,,,1,1,1,1,0,0,0,0,0,0,0,0,0,0,0,1,1,1,0,0,0,0,0,0,,,,,0,,,,,1,1,1,0,0,0,0,0,1,1,1,1,0,1,1,1,1,0,1,1,1,0,1,1,1,0,0,0,1,1,0,0,0,0,0,0,0,0,0,0,0,0,0,0,0,0,0,1,1,1,1,1,1,1,0,0,0,0,0,-,0,0,1,0,0,0,0,0,0,0,0,0,0,0,0,0,0,0,N/A,0,0,0,1,0,1,0,1,0,4,4,5,-1,3,3,4,4,4,-1,3,3,4,3,3,-1,3,3,H,7,5,2,2,1,0,1,MaS DE 10 A헲S,MaS DE 10 A헲S
10813,21.2262157,-86.7276519,2.30E+12,VALID,0,1,1,1,1,1,1,1,1,-,,,1,,,,1,0,1,0,0,1,1,0,0,0,0,0,1,0,0,0,0,0,0,1,1,1,3,0,1,1,1,1,0,0,0,,,,,,,,,,1,0,1,1,0,0,0,0,0,0,0,0,0,0,0,1,1,1,0,0,0,0,0,0,,,,,0,,,,,1,1,1,0,0,0,0,0,1,1,1,1,0,1,1,1,1,0,1,1,1,0,1,1,0,1,0,0,0,1,0,0,0,0,0,0,0,0,0,0,0,0,0,1,0,0,0,1,1,1,1,1,1,1,0,0,0,0,0,-,0,0,1,0,0,0,0,0,0,0,N/A,N/A,0,0,0,0,0,0,N/A,1,1,0,0,0,1,0,1,0,4,4,5,-1,1,1,5,5,5,-1,1,1,3,3,5,-1,-1,-1,M,8,4,4,3,1,1,1,ENTRE 1 Y 5 A헲S,ENTRE 1 Y 5 A헲S
10821,21.2312915,-86.7299695,2.30E+12,VALID,0,0,0,1,1,1,1,1,1,-,,,1,,,,1,1,0,0,0,1,1,0,0,0,0,0,0,0,0,0,0,0,0,1,1,1,3,0,1,1,1,1,0,0,0,,,,,,,,,,1,0,1,1,0,0,0,0,0,0,0,0,0,0,0,1,1,1,0,0,0,0,0,0,,,,,0,,,,,1,1,1,0,0,0,0,0,1,1,1,1,0,1,1,1,1,0,1,1,1,0,1,1,1,1,0,0,1,1,1,1,0,0,0,0,0,0,0,0,0,0,0,0,0,1,0,1,1,1,1,1,1,1,0,0,0,0,0,-,0,0,1,0,0,0,0,0,0,0,N/A,N/A,0,0,0,0,0,0,N/A,0,0,0,1,0,1,0,1,0,5,5,5,-1,5,5,5,5,5,-1,5,5,5,5,5,-1,5,5,M,5,2,3,2,1,1,0,MaS DE 10 A헲S,ENTRE 1 Y 5 A헲S
10826,21.2575837,-86.7469778,2.30E+12,VALID,0,0,0,1,0,1,0,0,1,-,,,1,,,,0,0,0,0,0,1,0,0,0,0,0,0,1,0,0,1,0,1,0,4,3,3,3,0,1,1,1,1,0,0,0,,,,,,,,,,1,0,1,0,0,0,0,0,0,0,0,0,0,0,0,0,0,0,0,0,0,0,0,0,,,,,0,,,,,1,0,1,0,0,0,0,0,1,0,1,1,0,1,1,0,0,0,1,1,1,1,1,1,0,1,0,0,0,1,0,0,0,0,0,1,0,0,0,0,0,0,0,1,0,0,0,1,1,1,1,1,0,1,0,0,0,0,1,0,0,0,0,0,0,0,0,0,0,0,N/A,N/A,0,0,0,1,0,0,N/A,0,1,1,1,0,1,0,1,0,3,3,4,-1,2,3,3,3,4,-1,2,2,3,2,3,-1,-1,-1,M,5,2,3,2,1,1,1,MaS DE 10 A헲S,MaS DE 10 A헲S
10839,21.226485,-86.72715,2.30E+12,VALID,0,0,0,0,0,0,-1,-1,-1,-,,,0,0,,,0,0,0,0,0,1,1,0,0,0,0,0,0,0,0,1,0,0,0,1,1,1,2,0,1,1,1,1,0,0,0,,,,,,,,,,0,0,1,1,0,0,1,1,1,1,0,0,0,0,0,0,1,1,0,0,0,0,0,0,,,,,0,,,,,1,1,1,0,0,0,0,0,1,0,1,1,0,1,1,1,0,0,1,1,1,0,0,1,0,1,0,0,0,1,1,1,0,0,0,0,0,0,0,0,1,1,1,0,0,0,0,1,1,1,1,1,1,1,1,1,0,1,0,-,0,0,0,0,0,0,0,0,1,0,N/A,N/A,1,0,0,0,1,0,N/A,1,1,1,1,0,1,0,1,0,4,4,5,-1,2,1,2,2,4,-1,1,2,3,3,4,-1,3,3,M,5,2,3,3,0,1,0,MaS DE 10 A헲S,ENTRE 6 Y 10 A헲S
10857,21.257295,-86.7469276,2.30E+12,VALID,0,0,0,1,0,1,0,0,1,-,,,0,1,"LUNES, LUNES","TARDE, TARDE",0,0,0,0,0,1,1,0,0,0,1,0,1,0,0,1,0,1,0,3,5,5,5,0,1,1,1,1,0,0,0,,,,,,,,,,1,0,1,0,0,0,0,0,0,0,0,0,0,0,0,0,1,1,0,0,0,0,0,0,,,,,0,,,,,1,0,1,0,0,0,0,0,1,0,1,1,0,1,1,1,0,0,1,1,1,1,1,1,1,1,0,0,1,0,0,1,0,0,0,0,0,0,0,0,0,0,0,1,0,0,0,1,1,1,1,1,1,1,0,0,0,0,0,-,0,0,0,0,0,0,0,0,0,0,N/A,N/A,N/A,0,0,-1,0,0,N/A,0,1,1,0,0,1,0,1,0,2,2,-1,-1,2,2,3,3,3,-1,3,3,3,3,3,-1,-1,-1,H,4,1,3,0,-1,-1,1,MaS DE 10 A헲S,MaS DE 10 A헲S
10865,21.2258683,-86.727,2.30E+12,VALID,0,0,0,1,0,1,1,1,1,-,,,1,,,,1,0,0,0,0,1,1,0,0,1,1,1,1,0,0,1,1,0,0,1,2,2,2,0,1,1,1,1,0,0,0,,,,,,,,,,0,0,1,1,0,0,0,1,0,0,0,0,0,0,0,0,1,1,0,0,0,0,0,0,,,,,0,,,,,1,0,1,0,0,0,0,0,1,1,1,0,0,1,1,1,1,0,1,1,1,0,1,1,1,0,0,0,0,0,0,0,0,0,0,0,0,0,0,0,0,0,0,1,0,0,0,1,1,1,1,1,1,1,1,0,0,0,0,-,0,0,1,0,0,0,0,0,0,0,0,0,0,1,0,1,0,0,N/A,0,1,1,0,0,1,0,1,0,4,4,5,-1,3,5,4,4,5,-1,3,3,4,4,4,-1,3,3,H,10,6,4,5,1,1,1,MaS DE 10 A헲S,MaS DE 10 A헲S
10885,21.2255517,-86.72686,2.30E+12,VALID,0,1,0,1,1,1,0,1,1,-,,,1,,,,0,0,0,0,0,1,1,0,0,0,0,0,0,0,0,0,0,0,0,1,1,1,2,0,1,1,1,1,0,0,0,,,,,,,,,,1,1,1,1,0,0,0,1,0,0,0,0,0,0,0,0,1,0,0,0,0,0,0,0,,,,,0,,,,,1,1,1,0,0,0,0,0,1,1,1,1,0,1,1,1,1,0,1,0,1,0,1,0,1,0,0,0,0,1,0,0,0,0,0,0,0,0,0,0,0,0,0,1,0,0,0,1,1,1,1,1,1,1,0,0,0,0,0,-,0,0,1,1,0,0,0,0,0,0,0,0,0,0,0,0,0,0,N/A,1,0,0,0,0,0,0,1,0,4,4,5,-1,4,5,3,3,5,-1,2,4,3,3,5,-1,2,4,M,4,1,3,1,1,0,1,MaS DE 10 A헲S,MaS DE 10 A헲S
10892,21.2563311,-86.7457537,2.30E+12,VALID,0,0,0,1,0,1,0,0,0,0,,,1,,,,0,0,1,0,0,1,0,0,0,1,1,0,1,0,0,1,0,0,0,4,5,5,5,1,1,1,1,1,0,0,0,,,,,,,,,,1,0,1,0,0,0,0,0,0,0,0,0,0,0,0,0,1,1,0,0,0,0,0,0,,,,,0,,,,,1,0,1,0,0,0,0,0,1,0,1,1,0,1,1,1,1,0,1,1,1,1,1,1,1,1,0,0,1,0,0,0,0,0,0,0,0,0,0,0,0,0,0,1,0,1,0,1,1,1,1,1,1,1,1,0,0,0,0,-,1,0,0,0,0,0,0,0,0,0,N/A,0,0,0,0,0,0,0,N/A,0,1,1,0,0,0,0,0,0,2,2,4,-1,2,2,2,3,3,-1,2,2,2,2,2,-1,-1,-1,M,5,3,2,1,1,1,0,MaS DE 10 A헲S,MaS DE 10 A헲S
10902,21.2345444,-86.7312242,2.30E+12,VALID,0,0,0,1,1,1,0,0,1,-,,,1,,,,1,1,0,0,0,1,0,1,0,1,0,0,0,0,0,0,0,0,0,2,2,3,3,0,1,1,1,1,0,0,0,,,,,,,,,,1,0,1,0,0,0,0,1,0,0,0,0,0,0,0,0,0,0,0,0,0,0,0,0,,,,,0,,,,,1,0,0,0,0,0,0,0,1,1,1,1,0,1,1,1,1,0,1,0,1,0,1,1,1,1,0,0,1,1,0,1,0,0,0,0,0,0,0,0,0,0,0,1,0,1,0,1,1,1,1,1,1,1,0,0,0,0,0,-,0,0,0,0,0,0,0,0,0,0,N/A,0,N/A,0,0,-1,0,0,N/A,0,0,0,1,1,0,1,1,1,3,3,3,-1,5,5,3,3,3,-1,5,5,3,3,3,-1,5,5,M,2,1,1,1,0,0,1,MaS DE 10 A헲S,MaS DE 10 A헲S
10905,21.2562038,-86.745813,2.30E+12,VALID,0,0,0,1,0,1,1,1,1,-,,,1,,,,1,0,1,0,0,1,1,1,0,1,0,0,1,0,0,1,0,0,0,3,5,5,5,0,1,1,1,1,0,0,0,,,,,,,,,,1,1,1,0,0,0,0,0,0,0,0,0,0,0,0,0,1,1,0,0,0,0,0,0,,,,,0,,,,,1,0,1,0,0,0,0,0,1,1,1,1,0,1,1,0,1,0,1,1,1,0,1,1,1,0,0,0,1,0,0,0,0,0,0,0,0,0,0,0,0,0,0,0,0,0,0,1,1,1,1,1,1,1,1,0,0,0,0,-,0,0,0,0,0,0,0,0,0,0,N/A,0,0,0,0,0,0,0,N/A,0,0,0,0,0,0,0,0,0,2,2,4,-1,1,1,2,2,3,-1,1,3,3,2,3,-1,-1,-1,M,8,4,4,3,1,1,1,MaS DE 10 A헲S,MaS DE 10 A헲S
10911,21.2558907,-86.7452569,2.30E+12,VALID,0,0,0,1,1,1,0,0,0,0,,,1,,,,0,1,1,0,0,1,1,0,0,1,0,0,1,0,0,1,0,0,0,3,3,4,3,0,1,1,1,1,0,0,0,,,,,,,,,,1,1,1,0,0,0,0,1,0,0,0,0,0,0,0,0,1,1,0,0,0,0,0,0,,,,,0,,,,,1,0,1,0,0,0,0,0,1,0,1,1,0,1,0,0,1,0,1,1,1,1,1,1,1,1,0,0,0,0,0,0,0,0,0,0,0,0,0,0,0,0,0,1,0,0,0,1,1,1,1,1,1,1,1,0,0,0,0,-,0,0,0,0,0,0,0,0,0,0,0,N/A,0,0,0,1,1,0,N/A,0,1,1,0,0,1,0,0,0,2,2,-1,-1,2,3,2,3,2,-1,2,2,2,3,3,-1,-1,-1,M,3,1,2,1,0,1,0,MaS DE 10 A헲S,ENTRE 6 Y 10 A헲S
10913,21.2262324,-86.7264628,2.30E+12,VALID,0,0,0,1,0,1,0,0,0,1,"SABADO, DOMINGO, SABADO, DOMINGO","TARDE, TARDE",0,0,,,0,0,1,0,0,1,1,0,0,1,0,0,1,0,0,1,0,0,0,1,2,2,2,0,1,1,1,1,0,0,0,,,,,,,,,,1,0,0,0,1,0,0,0,0,0,0,0,0,0,0,0,0,0,1,1,0,0,0,0,,,,,0,,,,,1,1,1,0,0,0,0,0,1,1,1,1,0,1,1,1,0,0,1,1,1,1,1,1,1,1,0,0,1,1,1,0,0,0,0,1,0,1,0,0,0,0,0,0,0,0,0,1,1,1,1,1,1,1,0,0,0,0,0,-,0,0,0,0,0,0,0,0,0,0,0,0,0,1,0,0,0,0,N/A,0,1,1,0,1,0,1,0,0,1,1,4,-1,1,1,1,1,3,-1,1,1,3,2,4,-1,2,2,H,5,2,3,2,0,0,1,MaS DE 10 A헲S,MaS DE 10 A헲S
10917,21.2346217,-86.7311433,2.30E+12,VALID,0,0,0,1,0,1,1,1,0,1,"MIERCOLES, MIERCOLES","TARDE, TARDE",0,1,"MIERCOLES, MIERCOLES","TARDE, TARDE",0,0,0,0,1,1,1,0,0,1,0,0,1,0,0,0,0,0,0,1,1,1,1,0,1,1,1,1,0,0,0,,,,,,,,,,0,0,1,1,0,0,0,0,0,0,0,0,0,0,0,0,0,0,0,0,0,0,0,0,,,,,0,,,,,1,1,1,0,0,0,0,0,1,1,1,1,0,1,1,1,1,0,1,0,1,0,1,1,1,1,0,0,1,1,0,0,0,0,0,0,0,1,0,0,0,0,0,1,0,1,0,1,1,1,1,1,1,1,0,0,0,0,0,-,0,0,1,1,0,0,0,0,0,0,N/A,N/A,0,0,0,0,0,0,N/A,0,0,0,1,0,1,0,1,0,3,3,3,-1,5,5,3,3,3,-1,5,5,3,3,3,-1,5,5,H,1,1,0,0,-1,-1,1,MaS DE 10 A헲S,MaS DE 10 A헲S
10930,21.2263805,-86.7268741,2.30E+12,VALID,0,0,1,1,0,1,1,1,1,-,,,1,,,,1,0,1,0,0,1,1,1,0,0,0,0,0,0,1,0,0,1,0,1,1,3,3,0,1,1,1,1,0,0,1,1,1,1,1,1,1,1,0,1,1,0,1,1,1,0,0,1,1,1,0,0,1,0,0,0,0,1,0,0,1,0,0,0,,,,,0,,,,,1,1,1,0,0,0,0,0,1,1,1,1,0,1,1,1,1,0,1,1,1,0,1,1,1,1,0,0,0,1,0,0,0,0,0,1,0,1,0,0,0,0,1,1,1,1,0,1,1,1,1,1,1,1,1,1,0,1,0,-,0,0,0,1,0,0,0,0,1,0,N/A,N/A,0,1,0,1,0,0,N/A,0,0,0,0,1,1,0,1,1,1,5,5,-1,5,1,1,5,2,-1,5,1,2,5,1,-1,-1,-1,M,7,4,3,3,1,1,1,MaS DE 10 A헲S,MaS DE 10 A헲S
10941,21.2348721,-86.7322908,2.30E+12,VALID,0,0,1,1,0,1,1,0,1,-,,,1,,,,1,1,0,0,0,1,1,1,0,0,0,0,0,0,0,0,0,0,0,1,1,1,3,0,1,1,1,1,0,0,0,,,,,,,,,,1,0,1,0,0,0,0,0,0,0,0,0,0,0,0,1,1,1,0,0,0,0,0,0,,,,,0,,,,,1,0,1,0,0,0,0,0,1,1,1,1,0,1,1,1,1,0,1,1,1,0,1,1,1,0,0,0,1,1,0,0,0,0,0,0,0,0,0,0,0,0,0,1,0,1,0,1,1,1,1,1,1,1,1,1,0,0,0,-,0,0,0,0,1,0,0,0,0,0,N/A,N/A,0,0,0,0,0,0,N/A,0,0,0,1,0,1,0,1,0,5,3,3,-1,3,5,5,3,3,-1,3,5,5,3,3,-1,3,5,M,4,3,1,1,0,1,1,MaS DE 10 A헲S,MaS DE 10 A헲S
10951,21.2266446,-86.7265059,2.30E+12,VALID,0,0,1,1,1,1,0,0,1,-,,,1,,,,1,0,0,0,0,1,1,0,0,1,1,0,1,1,0,1,0,1,0,1,1,1,2,0,1,0,1,1,0,0,0,,,,,,,,,,1,1,1,1,0,0,0,1,0,1,0,0,1,0,0,0,1,0,0,0,0,0,0,0,,,,,0,,,,,1,0,1,0,0,0,0,0,1,1,1,1,0,1,1,1,0,0,1,1,1,0,1,1,1,1,0,0,1,1,0,0,0,0,0,0,0,1,0,0,1,0,0,0,0,0,0,1,1,1,1,1,1,1,1,0,0,0,0,-,0,0,0,0,0,0,0,0,0,0,0,N/A,0,0,0,0,0,0,N/A,0,0,1,0,0,0,0,1,0,3,1,3,-1,1,1,3,3,3,-1,1,1,4,3,4,-1,2,-1,H,3,2,1,1,1,1,1,MaS DE 10 A헲S,ENTRE 6 Y 10 A헲S
10959,21.2262417,-86.7257206,2.30E+12,VALID,0,0,0,0,0,1,0,0,1,-,,,1,,,,1,0,0,0,0,1,1,0,0,1,0,0,0,0,1,0,0,0,0,1,3,4,4,0,1,1,1,1,0,0,0,,,,,,,,,,0,0,1,1,0,0,0,1,0,0,0,0,0,0,0,0,1,1,0,0,0,0,0,1,1,0,0,1,0,,,,,1,0,1,0,0,0,0,0,1,1,1,1,0,1,1,1,0,1,1,0,1,1,1,1,1,1,0,0,1,1,0,1,0,0,0,0,1,1,0,0,0,0,0,1,0,0,0,1,1,1,1,1,1,1,1,0,0,0,0,-,0,0,0,0,0,0,0,0,0,1,0,0,0,1,1,1,1,0,N/A,0,0,0,0,0,1,1,1,1,2,3,5,-1,3,3,2,3,3,-1,2,2,2,3,3,-1,3,3,M,4,1,3,2,1,0,0,MaS DE 10 A헲S,ENTRE 1 Y 5 A헲S
10976,21.2260543,-86.7255982,2.30E+12,VALID,1,1,1,1,1,0,-1,-1,-1,-,,,1,,,,0,0,0,0,0,1,1,0,0,0,0,0,1,1,0,0,0,0,0,1,3,4,3,0,1,1,1,1,0,0,0,,,,,,,,,,0,0,0,0,0,0,0,1,0,0,0,0,0,0,0,0,0,0,0,0,0,0,0,1,0,0,0,1,0,,,,,1,1,1,0,0,0,0,0,0,-1,-1,-1,-1,-1,-1,-1,-1,-1,-1,-1,1,0,1,1,0,0,0,0,1,1,0,0,0,0,0,0,0,0,0,0,0,0,0,1,1,1,0,1,1,1,1,1,1,1,0,0,0,0,0,-,0,0,1,1,0,0,0,0,0,0,0,0,0,0,0,0,0,0,N/A,1,1,1,1,0,1,0,1,0,3,1,5,-1,5,4,3,1,5,-1,4,3,3,1,5,-1,5,-1,M,4,3,1,2,1,1,0,MaS DE 10 A헲S,ENTRE 6 Y 10 A헲S
10990,21.2264274,-86.7253915,2.30E+12,VALID,0,0,0,1,0,1,0,0,1,-,,,1,,,,1,0,0,0,0,1,1,1,0,0,0,0,0,0,0,0,0,0,0,1,1,1,2,1,1,1,1,1,0,0,0,,,,,,,,,,0,1,1,0,0,0,0,0,0,0,0,0,0,0,0,0,0,0,0,0,0,0,0,0,,,,,0,,,,,1,0,1,0,0,0,0,0,1,1,1,1,0,1,1,1,1,0,0,1,1,1,1,1,1,0,0,0,1,1,0,0,0,0,0,0,0,0,0,0,0,0,0,0,0,0,0,1,1,1,1,1,1,1,0,0,0,0,0,-,0,0,0,0,0,0,0,0,0,0,N/A,N/A,N/A,0,0,0,1,0,0,0,1,0,0,0,1,0,1,0,3,3,5,-1,5,5,4,5,4,-1,5,5,5,1,5,-1,-1,-1,M,4,2,2,1,1,1,0,ENTRE 6 Y 10 A헲S,ENTRE 1 Y 5 A헲S
11118,21.2340169,-86.7320143,2.30E+12,VALID,0,0,1,1,0,1,0,0,0,0,,,0,0,,,1,1,0,0,0,1,1,1,0,1,0,0,0,0,0,1,0,0,0,1,1,1,1,0,1,1,1,1,0,0,0,,,,,,,,,,1,1,1,1,0,0,0,0,0,0,0,0,0,0,0,0,0,0,0,0,0,0,0,0,,,,,0,,,,,1,1,1,0,0,0,0,0,1,1,1,1,0,1,1,1,1,0,1,1,1,0,0,1,1,0,1,0,1,1,0,0,0,0,0,0,0,0,0,0,0,0,0,0,0,1,0,1,1,1,1,1,1,1,0,0,0,0,0,-,0,0,0,0,0,0,0,0,0,0,N/A,N/A,0,0,0,0,0,0,N/A,0,0,0,1,0,1,0,1,0,5,5,5,-1,5,5,5,5,5,-1,5,5,5,5,5,-1,5,5,H,6,3,3,3,0,0,1,MaS DE 10 A헲S,MaS DE 10 A헲S
11123,21.2338189,-86.7319612,2.30E+12,VALID,0,0,0,1,0,1,0,0,0,0,,,1,,,,0,1,0,0,0,1,1,1,0,1,0,0,1,1,1,1,0,1,0,1,3,4,5,0,1,1,1,1,0,0,0,,,,,,,,,,1,1,1,1,0,0,0,1,0,0,0,0,0,0,0,1,1,1,0,0,0,0,0,0,,,,,0,,,,,1,1,1,0,0,0,0,0,1,1,1,1,0,1,1,1,1,0,1,1,1,0,0,1,1,1,1,0,1,1,0,0,0,0,0,0,0,0,0,0,0,0,0,1,0,1,0,1,1,1,1,1,1,1,0,0,0,0,0,-,0,0,1,0,0,0,0,0,0,0,N/A,N/A,0,0,0,0,0,0,N/A,0,0,0,1,0,1,0,1,0,3,3,5,-1,3,3,3,3,3,-1,3,3,3,3,3,-1,3,3,M,6,3,3,2,1,0,1,MaS DE 10 A헲S,MaS DE 10 A헲S
11132,21.2335399,-86.7312105,2.30E+12,VALID,0,1,0,0,0,1,1,1,0,0,,,0,0,,,1,0,0,0,0,1,1,0,0,0,0,0,0,0,0,1,0,0,0,1,1,5,5,0,1,1,1,1,0,0,0,,,,,,,,,,1,0,1,0,0,0,0,1,0,0,0,0,0,0,0,0,0,0,0,0,0,0,0,0,,,,,0,,,,,1,1,1,0,0,0,0,0,1,1,1,1,0,1,1,1,1,0,1,1,1,0,1,1,1,1,1,0,1,1,1,0,0,0,0,1,0,1,0,0,0,0,1,1,1,1,0,1,1,1,1,1,1,1,1,1,0,1,1,1,0,0,1,0,0,0,0,0,0,0,N/A,N/A,0,0,0,1,0,0,N/A,0,0,0,0,0,0,0,0,0,3,1,3,-1,1,1,3,3,3,-1,1,1,3,3,3,-1,1,1,M,11,5,6,4,1,1,1,MaS DE 10 A헲S,MaS DE 10 A헲S
11140,21.2202293,-86.7223036,230030001022A,VALID,0,1,1,1,1,1,1,0,0,1,"LUNES, LUNES","TARDE, TARDE",0,1,"LUNES, LUNES","TARDE, TARDE",1,0,0,0,0,1,1,0,0,0,0,0,0,0,0,0,0,0,0,2,2,2,5,0,1,1,1,1,0,0,0,,,,,,,,,,0,0,0,1,1,0,0,1,1,1,0,0,0,0,0,1,1,1,1,0,0,0,0,0,,,,,0,,,,,0,0,1,0,0,0,0,0,0,-1,-1,-1,-1,-1,-1,-1,-1,-1,-1,-1,0,1,0,1,0,0,0,0,1,1,0,1,0,0,0,0,0,0,0,0,0,0,0,1,1,1,0,1,1,1,1,1,1,1,0,0,0,0,0,-,0,0,1,0,1,0,0,1,1,1,0,0,0,1,1,1,1,1,N/A,0,1,1,0,1,1,1,0,1,1,1,3,-1,1,4,1,1,1,-1,1,4,2,1,3,-1,1,4,M,5,3,2,2,1,0,1,MaS DE 10 A헲S,MaS DE 10 A헲S
11146,21.2322128,-86.7309158,2.30E+12,VALID,0,0,1,1,0,1,1,1,1,-,,,1,,,,1,1,1,1,0,1,1,1,0,0,1,0,1,0,0,1,1,0,0,5,5,5,5,0,1,1,1,1,0,0,0,,,,,,,,,,1,1,1,1,1,0,0,0,0,0,0,0,0,0,0,1,1,1,0,0,0,0,0,0,,,,,0,,,,,1,1,1,0,0,0,0,0,1,1,1,1,0,1,1,1,1,0,1,1,1,0,1,1,1,0,1,0,1,1,0,0,0,0,0,0,0,0,0,0,0,0,0,1,0,1,0,1,1,1,1,1,1,1,0,0,0,0,0,-,0,0,0,0,0,0,0,0,0,0,N/A,N/A,0,1,1,1,0,1,N/A,0,0,0,1,0,1,0,1,0,3,3,3,-1,3,3,3,3,3,-1,3,3,3,3,3,-1,3,3,M,4,2,2,1,1,1,0,MaS DE 10 A헲S,ENTRE 1 Y 5 A헲S
11151,21.220698,-86.723066,230030001022A,VALID,0,0,0,0,1,1,0,0,1,-,,,1,,,,1,0,0,0,0,1,1,0,0,0,1,0,0,0,0,0,0,0,0,1,2,4,4,0,1,1,1,1,0,0,0,,,,,,,,,,0,0,1,0,0,0,0,1,1,0,0,0,0,0,0,1,0,1,0,0,0,0,0,0,,,,,0,,,,,0,0,1,0,0,0,0,0,0,-1,-1,-1,-1,-1,-1,-1,-1,-1,-1,-1,0,1,0,1,0,1,0,0,1,1,1,1,0,0,0,0,0,0,0,0,1,0,0,1,0,0,0,1,1,1,1,0,0,0,0,0,0,0,0,-,0,0,0,0,0,0,0,0,0,0,0,N/A,N/A,0,0,-1,0,0,N/A,0,1,1,0,0,1,0,0,0,3,3,3,-1,2,2,2,1,4,-1,2,2,3,3,3,-1,3,1,H,1,1,0,0,-1,-1,1,MaS DE 10 A헲S,ENTRE 6 Y 10 A헲S
11163,21.2331116,-86.7316727,2.30E+12,VALID,1,0,1,1,1,1,1,1,1,-,,,0,1,"DOMINGO, DOMINGO","MA칌ANA, MA칌ANA",1,1,1,0,0,1,1,1,0,0,1,0,0,1,1,1,0,0,0,3,5,5,5,1,1,1,1,1,0,0,0,,,,,,,,,,1,1,1,1,1,0,0,1,0,1,0,0,0,0,0,0,0,0,0,0,0,0,0,0,,,,,0,,,,,1,1,1,0,0,0,0,0,1,1,1,1,0,1,1,1,1,0,1,1,1,1,1,1,1,0,0,0,0,1,0,0,0,0,0,0,1,0,0,0,0,0,1,1,0,1,0,1,1,1,1,1,1,1,1,0,0,0,0,-,0,0,1,0,1,1,0,0,0,0,0,0,0,1,0,1,0,0,N/A,0,1,0,0,1,0,1,0,1,1,1,4,-1,1,5,1,1,1,-1,1,5,1,1,1,-1,1,5,M,8,3,5,2,1,1,1,MaS DE 10 A헲S,MaS DE 10 A헲S
11165,21.2212267,-86.7229039,230030001022A,VALID,0,1,1,0,1,1,1,1,1,-,,,1,,,,0,1,1,0,1,1,1,1,0,0,0,0,0,0,0,0,0,0,0,1,1,1,3,0,1,1,1,1,0,0,0,,,,,,,,,,0,1,1,1,0,0,0,1,1,1,0,0,0,0,0,0,1,1,1,0,0,0,0,0,,,,,0,,,,,1,1,1,0,0,0,0,0,0,-1,-1,-1,-1,-1,-1,-1,-1,-1,-1,-1,0,1,0,1,0,0,0,0,1,1,1,0,0,0,0,0,0,0,0,1,1,1,1,1,0,0,0,1,1,1,1,1,1,1,1,1,0,0,0,-,0,0,1,0,0,1,0,0,0,0,0,0,0,0,0,0,0,0,N/A,0,0,0,0,0,1,0,0,0,3,3,3,-1,3,3,3,4,3,-1,3,3,3,4,3,-1,3,3,M,7,3,4,2,1,1,1,MaS DE 10 A헲S,MaS DE 10 A헲S
11180,21.220883,-86.7233791,230030001022A,VALID,0,0,1,0,1,1,1,1,1,-,,,1,,,,1,1,1,0,0,1,1,1,0,0,0,0,0,0,0,0,0,0,0,1,2,2,3,0,1,1,1,1,0,0,0,,,,,,,,,,1,1,1,1,1,0,0,1,0,0,0,0,0,0,0,0,1,1,0,0,0,0,0,0,,,,,0,,,,,1,0,1,0,0,0,0,0,0,-1,-1,-1,-1,-1,-1,-1,-1,-1,-1,-1,0,1,0,1,0,0,0,0,1,1,1,0,0,0,0,0,0,0,0,0,0,0,0,0,0,0,0,1,1,1,1,1,1,1,1,1,0,0,0,-,0,0,0,0,0,0,0,0,0,0,N/A,0,0,0,0,0,0,0,N/A,0,1,1,0,0,1,0,1,0,3,3,3,-1,3,3,2,1,4,-1,1,1,2,2,4,-1,2,-1,M,10,4,6,2,1,1,1,MaS DE 10 A헲S,MaS DE 10 A헲S
11193,21.2334136,-86.7312267,2.30E+12,VALID,0,0,0,1,0,1,1,1,0,0,,,0,0,,,1,1,0,0,0,1,1,0,0,0,0,0,0,0,0,0,0,0,0,1,2,3,5,0,1,1,1,1,0,0,0,,,,,,,,,,0,0,0,1,0,0,0,0,0,0,0,0,0,0,0,0,0,0,0,0,0,0,0,0,,,,,0,,,,,1,1,1,0,0,0,0,0,1,1,1,1,0,1,1,1,1,0,1,1,1,0,1,1,1,0,1,0,1,1,0,0,0,0,0,0,0,0,0,0,0,0,0,0,0,1,0,0,1,1,1,1,1,1,0,0,0,0,0,-,0,0,0,0,0,0,0,0,0,0,N/A,N/A,0,0,0,0,0,0,N/A,0,0,0,0,1,0,1,0,1,1,1,2,-1,1,1,1,1,1,-1,1,1,1,1,1,-1,1,1,M,3,2,1,1,1,1,1,MaS DE 10 A헲S,MaS DE 10 A헲S
11201,21.2201833,-86.72347,230030001022A,VALID,0,0,1,1,0,1,1,0,1,-,,,1,,,,1,1,1,1,1,1,1,1,0,1,1,0,0,0,0,1,0,1,1,1,5,5,5,0,1,1,1,1,0,0,0,,,,,,,,,,1,1,1,1,1,0,0,1,1,1,0,0,1,0,1,1,1,1,0,0,0,0,0,0,,,,,0,,,,,1,1,1,0,0,0,0,0,0,-1,-1,-1,-1,-1,-1,-1,-1,-1,-1,-1,0,1,0,1,1,0,0,0,1,1,1,1,0,0,0,0,0,0,0,0,0,0,0,1,0,0,0,1,1,1,1,1,1,1,0,0,0,0,0,-,0,0,1,0,1,1,0,0,0,0,N/A,N/A,0,1,1,1,1,1,N/A,1,1,1,0,1,0,1,0,1,1,1,3,-1,2,1,1,1,2,-1,2,2,1,2,2,-1,2,-1,M,4,1,3,1,1,1,1,MaS DE 10 A헲S,MaS DE 10 A헲S
11212,21.2329884,-86.7309084,2.30E+12,VALID,0,0,0,1,0,1,0,0,0,1,"SABADO, SABADO","TARDE, TARDE",0,1,"SABADO, SABADO","TARDE, TARDE, MA칌ANA, MA칌ANA",1,0,0,1,0,1,1,1,0,0,0,0,0,0,0,0,0,1,0,1,5,5,5,0,1,1,1,1,0,0,0,,,,,,,,,,0,1,1,1,1,1,1,0,0,1,0,0,0,0,0,0,0,0,0,0,0,0,0,0,,,,,0,,,,,1,1,1,1,0,0,0,0,1,1,1,1,0,1,1,1,1,0,1,0,1,1,0,1,1,0,1,0,1,1,0,0,0,0,0,0,0,0,0,0,0,0,0,1,0,1,0,1,1,1,1,1,1,1,0,0,0,0,0,-,0,0,0,1,0,0,0,0,0,0,0,N/A,0,1,1,1,1,0,N/A,0,1,0,0,1,0,1,0,1,1,1,5,-1,1,1,1,1,1,-1,1,1,1,1,1,-1,1,1,H,8,4,4,1,1,1,1,MaS DE 10 A헲S,MaS DE 10 A헲S
11222,21.2201233,-86.7223583,230030001022A,VALID,0,0,1,1,1,1,0,1,1,-,,,0,0,,,0,1,1,1,0,1,1,1,0,0,0,0,0,0,0,0,0,0,0,1,1,2,2,0,1,1,1,1,0,0,0,,,,,,,,,,0,1,1,0,0,0,0,1,0,0,0,1,0,0,0,0,1,1,1,0,0,0,0,0,,,,,0,,,,,1,0,1,0,0,0,0,0,0,-1,-1,-1,-1,-1,-1,-1,-1,-1,-1,-1,0,1,0,0,1,0,0,0,0,1,1,0,0,0,0,0,0,0,0,0,0,0,0,0,0,0,1,1,1,1,1,1,1,1,0,0,0,0,0,-,0,0,1,1,0,1,0,0,0,0,N/A,N/A,N/A,1,0,0,0,0,N/A,0,0,0,0,1,1,1,0,0,3,2,4,-1,3,1,2,3,4,-1,3,4,2,1,3,-1,1,-1,M,4,3,1,2,1,1,1,MaS DE 10 A헲S,ENTRE 1 Y 5 A헲S
11238,21.2550961,-86.7462999,2.30E+12,VALID,0,0,1,1,1,1,0,0,1,-,,,1,,,,1,0,0,0,0,1,1,1,0,1,0,0,1,0,0,1,0,0,0,3,4,5,4,0,1,1,1,1,0,0,0,,,,,,,,,,1,0,1,0,0,0,0,1,0,0,0,0,0,0,0,0,1,1,0,0,0,0,0,0,,,,,0,,,,,1,0,1,0,0,0,0,0,1,0,1,1,0,1,1,1,1,0,1,1,1,1,1,1,1,1,0,0,0,0,0,0,0,0,0,0,0,0,0,0,1,0,0,1,0,1,0,1,1,1,1,1,1,1,1,1,0,0,0,-,0,0,0,0,0,0,0,0,0,0,0,N/A,N/A,0,0,-1,0,0,N/A,0,1,1,0,0,1,0,0,0,2,3,3,-1,2,2,2,2,3,-1,2,2,2,3,3,-1,-1,-1,H,5,2,3,1,1,0,0,ENTRE 1 Y 5 A헲S,ENTRE 1 Y 5 A헲S
11244,21.2318016,-86.7300467,2.30E+12,VALID,0,1,1,0,1,1,0,1,1,-,,,1,,,,1,1,1,1,0,1,1,1,0,1,0,0,1,1,1,1,1,1,0,5,5,5,5,1,1,1,1,1,0,0,1,0,0,1,1,1,0,0,0,1,1,1,1,1,0,0,0,1,0,1,0,0,0,0,0,1,1,1,0,0,0,0,0,0,,,,,0,,,,,1,1,1,0,0,0,0,0,1,1,1,1,0,1,1,1,1,0,1,1,1,0,1,1,1,0,1,0,1,1,0,0,0,0,0,0,0,0,0,0,0,0,0,0,0,1,0,1,1,1,1,1,1,1,0,0,0,0,0,-,0,0,0,0,0,0,0,0,0,0,0,N/A,0,1,1,1,0,0,N/A,0,1,0,0,1,0,1,0,1,1,1,1,-1,1,1,1,1,1,-1,1,1,1,1,1,-1,1,1,M,5,1,4,2,1,1,1,MaS DE 10 A헲S,MaS DE 10 A헲S
11248,21.2202746,-86.7240743,230030001022A,VALID,0,1,1,1,1,1,0,1,1,-,,,1,,,,1,0,1,1,0,1,1,0,0,0,0,0,0,0,0,0,0,0,0,1,1,2,3,0,1,1,1,1,0,0,0,,,,,,,,,,0,1,1,1,1,0,0,1,0,1,0,0,1,0,0,0,1,0,1,0,0,0,0,0,,,,,0,,,,,1,1,1,0,0,0,0,0,0,-1,-1,-1,-1,-1,-1,-1,-1,-1,-1,-1,0,1,0,1,0,1,0,0,1,1,1,0,0,0,0,0,0,0,0,0,0,0,0,0,0,0,0,1,1,1,1,1,1,1,1,1,0,1,0,-,0,0,1,0,0,0,0,0,0,0,0,0,0,1,0,0,0,0,N/A,1,1,1,0,1,0,0,0,1,3,2,4,-1,2,2,3,3,5,-1,2,3,3,1,4,-1,2,2,M,12,4,8,4,1,1,1,MaS DE 10 A헲S,MaS DE 10 A헲S
11253,21.2553766,-86.7458767,2.30E+12,VALID,1,0,1,1,0,1,0,1,0,0,,,0,0,,,1,0,0,0,0,1,0,1,0,1,0,0,1,0,0,1,0,1,0,4,4,5,4,0,1,1,1,1,1,0,0,,,,,,,,,,1,0,1,0,0,0,0,1,0,0,0,0,0,0,0,0,1,1,0,0,0,0,0,0,,,,,0,,,,,1,1,1,0,0,0,0,0,0,-1,-1,-1,-1,-1,-1,-1,-1,-1,-1,-1,1,0,1,1,1,1,0,0,0,0,0,1,0,0,0,0,0,0,0,0,0,0,0,1,0,0,0,1,1,1,1,1,1,1,0,0,0,0,0,-,0,0,0,0,0,0,0,0,0,0,0,N/A,N/A,0,0,-1,0,0,N/A,0,1,1,1,0,1,0,1,0,5,4,-1,-1,3,4,3,4,3,-1,4,3,4,4,4,-1,-1,-1,M,1,0,1,0,-1,-1,0,ENTRE 1 Y 5 A헲S,ENTRE 1 Y 5 A헲S
11269,21.2553246,-86.7453602,2.30E+12,VALID,0,0,1,1,1,1,1,1,1,-,,,0,1,"JUEVES, JUEVES","TARDE, TARDE",1,0,0,0,0,1,1,0,0,1,0,0,1,0,0,0,0,0,0,3,4,4,3,0,1,1,1,1,0,0,0,,,,,,,,,,0,0,1,1,0,0,0,1,0,0,0,0,0,0,0,0,1,1,0,0,0,0,0,0,,,,,0,,,,,1,0,1,0,0,0,0,0,0,-1,-1,-1,-1,-1,-1,-1,-1,-1,-1,-1,1,0,1,1,1,1,0,0,0,0,0,0,0,0,0,0,0,0,0,0,0,0,0,1,0,0,0,1,1,1,1,1,1,1,1,0,0,0,0,-,0,0,0,0,0,0,0,0,0,0,0,N/A,0,0,0,0,0,0,N/A,0,1,1,1,0,1,0,1,0,5,3,5,-1,4,4,5,4,4,-1,5,4,4,5,5,-1,5,4,H,2,1,1,0,-1,-1,0,MaS DE 10 A헲S,MaS DE 10 A헲S
11272,21.2311125,-86.7293293,2.30E+12,VALID,0,0,0,1,0,1,0,0,1,-,,,1,,,,1,1,1,0,0,1,1,1,0,1,1,0,1,0,0,1,0,0,0,3,3,3,5,0,1,1,1,1,0,0,0,,,,,,,,,,1,1,1,1,0,0,0,0,0,0,0,0,0,0,0,0,0,0,0,0,0,0,0,0,,,,,0,,,,,1,1,1,0,0,0,0,0,1,1,1,1,0,1,1,1,1,0,1,1,1,0,1,1,1,0,1,0,1,1,0,0,0,0,0,0,0,0,0,0,0,0,0,0,0,0,0,1,1,1,1,1,1,1,0,0,0,0,0,-,0,0,0,0,0,0,0,0,0,0,0,N/A,0,0,0,0,0,0,N/A,0,0,0,0,1,1,1,0,1,2,2,2,-1,5,5,2,2,2,-1,5,5,2,2,2,-1,5,5,M,6,3,3,2,1,1,1,MaS DE 10 A헲S,MaS DE 10 A헲S
11278,21.2196433,-86.723467,230030001022A,VALID,0,0,0,0,0,0,-1,-1,-1,-,,,1,,,,0,0,0,0,0,1,1,1,0,0,1,0,0,0,0,0,0,0,0,1,2,2,4,0,1,1,0,1,0,0,0,,,,,,,,,,0,0,1,0,0,0,0,1,0,0,0,0,0,0,0,0,0,0,0,0,0,0,0,0,,,,,0,,,,,1,0,0,0,0,0,0,0,0,-1,-1,-1,-1,-1,-1,-1,-1,-1,-1,-1,0,1,0,0,0,1,0,0,1,1,0,0,0,0,0,0,0,0,0,0,0,0,0,0,0,0,0,1,1,1,1,1,1,1,0,0,0,0,0,-,1,0,0,0,0,0,0,0,0,0,0,0,N/A,0,0,-1,0,0,N/A,1,0,0,0,0,0,0,0,0,2,1,-1,-1,2,2,2,2,4,-1,2,2,3,1,3,-1,2,-1,H,4,2,2,0,-1,-1,1,ENTRE 6 Y 10 A헲S,ENTRE 1 Y 5 A헲S
11284,21.2548157,-86.7445084,2.30E+12,VALID,0,0,1,1,0,1,0,0,1,-,,,1,,,,0,0,0,0,0,1,1,0,0,1,1,0,1,0,0,1,0,0,0,4,5,5,5,0,1,1,1,1,0,0,0,,,,,,,,,,1,0,1,0,0,0,0,0,0,0,0,0,0,0,0,0,1,1,0,0,0,0,0,0,,,,,0,,,,,1,0,1,0,0,0,0,0,1,0,1,1,0,1,1,0,1,0,1,1,1,0,1,1,1,1,0,0,0,1,0,0,0,0,0,0,0,0,0,0,1,0,0,0,0,0,0,1,1,1,1,1,1,1,0,0,0,0,0,-,0,0,0,0,0,0,0,1,1,1,0,N/A,N/A,1,0,-1,0,0,N/A,0,1,1,0,0,0,0,1,0,3,3,-1,-1,3,3,3,3,3,-1,3,3,3,3,4,-1,-1,-1,H,1,1,0,0,-1,-1,0,ENTRE 1 Y 5 A헲S,ENTRE 1 Y 5 A헲S
11296,21.2543154,-86.7441745,2.30E+12,VALID,0,0,1,1,1,1,0,1,1,-,,,1,,,,0,0,1,0,0,1,1,0,0,1,0,0,1,0,0,1,0,0,0,3,4,4,4,0,1,1,1,1,0,0,0,,,,,,,,,,1,0,1,0,0,0,0,1,0,0,0,0,0,0,0,0,1,1,0,0,0,0,0,0,,,,,0,,,,,1,0,1,0,0,0,0,0,1,0,1,1,0,1,1,0,0,0,0,1,1,1,0,1,1,1,0,0,0,1,0,0,0,0,0,0,0,0,0,0,0,0,0,1,0,0,0,1,1,1,1,1,1,1,0,0,0,0,1,0,0,0,0,0,0,0,0,0,0,0,N/A,1,N/A,1,0,-1,0,0,N/A,0,1,1,0,0,0,0,0,0,2,1,-1,-1,2,2,2,2,2,-1,2,2,2,2,3,-1,-1,-1,M,3,1,2,0,-1,-1,0,MaS DE 10 A헲S,MaS DE 10 A헲S
11302,21.2197981,-86.7229894,230030001022A,VALID,0,0,1,1,1,1,0,0,1,-,,,1,,,,1,1,1,1,0,1,1,1,0,0,0,0,0,0,0,0,0,1,0,2,4,5,5,0,1,1,1,1,0,0,0,,,,,,,,,,1,1,1,1,0,0,0,1,0,0,0,0,0,0,0,1,1,1,0,0,0,0,0,0,,,,,0,,,,,1,1,1,0,0,0,0,0,0,-1,-1,-1,-1,-1,-1,-1,-1,-1,-1,-1,0,1,0,1,1,0,0,0,1,1,1,1,0,0,0,0,0,0,0,0,1,0,0,1,0,0,0,1,1,1,1,1,1,1,0,0,0,1,0,-,0,0,0,1,0,0,0,0,0,0,N/A,0,0,1,1,1,1,0,N/A,0,1,1,0,0,1,0,0,0,2,1,4,-1,4,1,2,2,4,-1,4,4,3,3,5,-1,5,-1,M,5,3,2,3,1,1,1,ENTRE 6 Y 10 A헲S,ENTRE 6 Y 10 A헲S
11309,21.2302092,-86.7293632,2.30E+12,VALID,0,0,0,0,1,1,1,1,1,-,,,1,,,,0,0,0,0,0,1,1,0,0,1,1,0,1,1,1,1,0,1,0,5,5,5,5,1,1,1,1,1,0,0,1,0,0,1,1,1,0,0,0,1,1,0,1,1,0,0,0,1,1,1,0,0,1,0,0,0,0,0,0,0,0,0,0,0,,,,,0,,,,,1,1,1,0,0,0,0,0,1,1,1,1,0,1,1,1,1,0,1,1,1,0,1,1,1,1,1,0,0,0,0,0,0,0,0,0,0,0,0,0,0,0,0,0,0,0,0,1,1,1,1,1,1,1,0,0,0,0,0,-,0,0,0,0,0,0,0,0,0,0,N/A,0,N/A,1,1,-1,0,0,N/A,0,0,0,1,0,1,0,1,0,5,1,-1,-1,5,5,5,2,2,-1,5,5,5,2,2,-1,5,5,H,2,1,1,0,-1,-1,1,MaS DE 10 A헲S,MaS DE 10 A헲S
11313,21.2542511,-86.7441268,2.30E+12,VALID,0,0,0,0,0,1,0,0,1,-,,,1,,,,0,0,0,0,0,1,0,0,0,1,0,0,1,0,0,1,0,0,0,3,5,5,5,0,1,1,1,1,0,0,0,,,,,,,,,,1,0,1,0,0,0,0,0,0,0,0,0,0,0,0,0,1,1,0,0,0,0,0,0,,,,,0,,,,,1,0,1,0,0,0,0,0,0,-1,-1,-1,-1,-1,-1,-1,-1,-1,-1,-1,1,0,1,1,1,1,0,0,0,0,0,0,0,0,0,0,0,0,0,0,0,0,0,1,0,0,0,1,1,1,1,1,1,1,1,0,0,0,0,-,0,0,0,0,0,0,0,0,0,0,N/A,N/A,N/A,0,0,-1,0,0,N/A,1,1,1,1,0,1,0,1,0,2,3,-1,-1,2,2,3,3,2,-1,2,2,3,3,3,-1,-1,-1,M,2,0,2,0,-1,-1,0,MaS DE 10 A헲S,MaS DE 10 A헲S
11337,21.2309618,-86.728669,2.30E+12,VALID,0,0,0,1,0,1,0,0,0,0,,,0,0,,,0,0,0,0,0,1,1,0,0,0,0,0,0,0,0,0,0,0,0,1,2,3,3,0,1,1,1,1,0,0,0,,,,,,,,,,1,0,1,1,0,0,0,0,0,0,0,0,0,0,0,0,0,0,0,0,0,0,0,0,,,,,0,,,,,1,1,1,0,0,0,0,0,1,1,1,1,0,1,1,1,1,0,1,0,1,0,1,1,1,0,1,0,1,1,1,0,0,0,0,0,0,0,0,0,0,0,0,1,0,1,0,1,1,1,1,1,1,1,0,0,0,0,0,-,0,0,0,0,0,0,0,0,0,0,0,N/A,N/A,0,0,-1,0,0,N/A,0,0,0,0,1,0,1,0,1,1,1,-1,-1,1,1,1,1,1,-1,1,1,1,1,1,-1,1,1,H,1,1,0,0,-1,-1,0,ENTRE 1 Y 5 A헲S,ENTRE 1 Y 5 A헲S
11339,21.2503786,-86.7422968,2.30E+12,VALID,0,0,0,1,0,1,0,0,1,-,,,0,0,,,0,0,0,0,0,1,1,1,0,1,0,0,1,0,0,0,0,0,0,4,5,5,5,0,1,1,1,1,0,0,0,,,,,,,,,,1,0,1,0,0,0,0,1,0,0,0,0,0,0,0,0,1,1,0,0,0,0,0,0,,,,,0,,,,,0,0,1,0,0,0,0,0,0,-1,-1,-1,-1,-1,-1,-1,-1,-1,-1,-1,1,0,1,1,1,1,0,0,1,1,0,0,0,0,0,0,0,0,0,0,0,0,0,0,0,0,0,1,1,1,1,1,1,1,0,0,0,0,0,-,0,0,0,0,0,0,0,0,0,0,N/A,N/A,N/A,0,0,-1,0,0,N/A,0,1,1,1,0,1,0,1,0,4,4,-1,-1,3,3,3,3,3,-1,3,3,3,3,3,-1,-1,-1,M,2,1,1,0,-1,-1,0,ENTRE 1 Y 5 A헲S,ENTRE 1 Y 5 A헲S
11356,21.2507681,-86.7430174,2.30E+12,VALID,0,0,0,1,0,1,0,0,1,-,,,0,1,"VIERNES, VIERNES","TARDE, TARDE",1,0,0,0,0,1,1,1,0,1,1,0,1,0,0,1,0,0,0,4,4,4,4,0,1,1,1,1,0,0,0,,,,,,,,,,1,0,1,0,0,0,0,1,0,0,0,0,0,0,0,0,1,1,0,0,0,0,0,0,,,,,0,,,,,1,0,1,0,0,0,0,0,0,-1,-1,-1,-1,-1,-1,-1,-1,-1,-1,-1,1,0,1,1,1,1,0,0,0,1,0,1,0,0,0,0,0,0,0,0,0,0,0,1,0,0,0,1,1,1,1,1,1,1,1,0,0,0,0,-,0,0,0,0,0,0,0,0,0,0,0,N/A,0,1,0,-1,1,0,N/A,0,1,1,1,0,1,0,1,0,3,3,-1,-1,3,3,3,3,3,-1,2,2,1,2,3,-1,-1,-1,H,5,3,2,0,-1,-1,1,MaS DE 10 A헲S,MaS DE 10 A헲S
11357,21.2301582,-86.7285818,2.30E+12,VALID,0,0,1,1,0,0,-1,-1,-1,-,,,0,0,,,0,0,0,0,0,1,1,0,0,0,0,0,0,0,0,0,0,0,0,1,1,3,3,0,1,1,1,1,0,0,0,,,,,,,,,,1,1,1,1,0,0,0,0,0,0,0,0,0,0,0,1,1,1,0,0,0,0,0,0,,,,,0,,,,,1,1,1,0,0,0,0,0,1,1,1,1,0,1,1,1,1,0,1,0,1,0,1,1,1,0,1,0,0,0,0,0,0,0,0,0,0,0,0,0,0,0,0,0,0,0,0,1,1,1,1,1,1,1,0,0,0,0,0,-,0,0,0,0,0,0,0,0,0,0,0,N/A,N/A,0,0,-1,0,0,N/A,0,0,0,0,1,0,1,0,1,3,3,-1,-1,3,3,3,3,3,-1,3,3,3,3,3,-1,3,3,M,2,1,1,0,-1,-1,0,MaS DE 10 A헲S,ENTRE 1 Y 5 A헲S
11381,21.222977,-86.7241837,2.30E+12,VALID,0,0,1,1,0,1,0,0,1,-,,,0,0,,,1,0,0,0,0,1,0,0,0,0,1,0,1,0,0,0,0,0,0,1,1,1,3,0,1,1,0,1,0,0,0,,,,,,,,,,0,1,1,1,0,0,0,1,0,0,0,0,1,0,0,0,0,0,0,0,0,0,0,0,,,,,0,,,,,0,0,1,0,0,0,0,0,1,1,1,1,0,1,1,1,0,0,1,0,1,0,1,1,1,0,0,0,0,1,0,0,0,1,0,0,0,0,0,0,0,0,0,0,0,1,0,1,1,1,1,1,0,0,0,0,0,0,0,-,0,0,0,0,0,0,0,0,0,0,N/A,N/A,N/A,0,0,-1,1,0,N/A,0,1,1,0,0,1,0,1,0,2,2,2,-1,3,1,3,1,3,-1,1,3,1,1,4,-1,-1,-1,M,2,1,1,0,-1,-1,0,MaS DE 10 A헲S,ENTRE 1 Y 5 A헲S
11387,21.2475694,-86.7403544,2.30E+12,VALID,0,0,0,0,1,0,-1,-1,-1,-,,,0,0,,,0,0,0,0,0,1,0,0,0,1,0,0,1,0,0,1,0,0,0,4,5,5,5,0,1,1,0,0,0,0,0,,,,,,,,,,0,0,1,0,0,0,0,1,0,0,0,0,0,0,0,0,1,0,0,0,0,0,0,0,,,,,0,,,,,0,0,1,0,0,0,0,0,0,-1,-1,-1,-1,-1,-1,-1,-1,-1,-1,-1,1,0,1,0,1,1,0,0,1,1,0,0,0,0,0,0,0,0,0,0,0,0,0,0,0,0,0,1,1,1,1,1,1,1,1,0,0,0,0,-,0,0,0,0,0,0,0,0,0,0,0,N/A,N/A,0,0,-1,0,0,N/A,0,1,1,0,0,0,0,1,0,4,4,-1,-1,4,3,3,4,4,-1,3,3,4,3,4,-1,-1,-1,H,2,1,1,0,-1,-1,0,ENTRE 1 Y 5 A헲S,ENTRE 1 Y 5 A헲S
11422,21.244946,-86.7390507,2.30E+12,VALID,0,0,1,1,1,1,0,1,1,-,,,0,1,"MIERCOLES, MIERCOLES","TARDE, TARDE",0,1,0,0,0,1,0,1,0,1,0,0,1,0,0,1,0,0,0,4,3,3,3,0,1,1,1,1,0,0,0,,,,,,,,,,1,0,1,0,0,0,0,0,0,0,0,0,0,0,0,0,1,1,0,0,0,0,0,0,,,,,0,,,,,1,0,1,0,0,0,0,0,1,0,1,1,0,1,1,1,0,0,1,1,1,0,1,1,1,1,0,0,1,1,0,0,0,0,0,0,0,0,0,0,0,0,0,0,0,0,0,1,1,1,1,1,1,1,1,0,0,0,0,-,0,0,0,0,0,0,0,0,0,0,N/A,0,0,0,0,0,0,0,N/A,0,1,1,0,0,1,0,1,0,3,3,4,-1,1,1,3,3,3,-1,2,2,2,2,3,-1,-1,-1,H,10,7,3,3,1,1,1,MaS DE 10 A헲S,MaS DE 10 A헲S
11427,21.222539,-86.7246878,2.30E+12,VALID,0,0,1,1,0,1,0,0,0,1,"LUNES, MARTES, MIERCOLES, JUEVES, VIERNES, LUNES, MARTES, MIERCOLES, JUEVES, VIERNES","MA칌ANA, TARDE, NOCHE, MA칌ANA, TARDE, NOCHE",1,,,,1,0,0,0,0,1,0,0,0,1,1,0,1,0,0,1,0,0,0,1,2,2,4,0,1,1,1,1,0,0,0,,,,,,,,,,0,0,1,0,1,0,0,1,0,0,0,0,0,0,0,0,1,1,0,0,0,0,0,0,,,,,0,,,,,0,0,1,0,0,0,0,0,0,-1,-1,-1,-1,-1,-1,-1,-1,-1,-1,-1,1,0,1,1,1,1,0,0,1,0,0,0,0,0,0,0,1,0,0,0,0,0,0,0,0,0,0,1,1,1,1,1,1,1,1,0,0,0,0,-,0,0,0,0,0,0,0,0,0,1,N/A,N/A,0,1,0,1,1,0,N/A,1,1,0,0,1,1,1,1,0,1,1,5,-1,1,1,1,1,3,-1,1,1,2,1,2,-1,2,-1,M,3,0,3,1,1,0,1,MaS DE 10 A헲S,MaS DE 10 A헲S
11432,21.2401283,-86.7356669,2.30E+12,VALID,0,0,1,1,0,1,0,1,0,0,,,0,0,,,0,0,0,0,0,1,0,0,0,1,0,0,1,0,0,1,0,0,0,3,3,5,5,0,1,1,1,1,0,0,0,,,,,,,,,,0,0,1,0,0,0,0,1,0,0,0,0,0,0,0,0,1,1,0,0,0,0,0,0,,,,,0,,,,,0,0,1,0,0,0,0,0,0,-1,-1,-1,-1,-1,-1,-1,-1,-1,-1,-1,1,0,1,1,1,1,0,0,0,1,0,0,0,0,0,0,0,0,0,0,0,0,0,1,0,0,0,1,1,1,1,1,1,1,1,0,0,0,0,-,0,0,0,0,0,0,0,0,0,0,0,N/A,0,0,0,-1,0,0,N/A,0,1,1,1,0,1,0,1,0,3,4,4,-1,3,3,4,4,5,-1,3,3,4,4,4,-1,-1,-1,H,4,3,1,1,1,1,0,ENTRE 1 Y 5 A헲S,ENTRE 1 Y 5 A헲S
11441,21.2399869,-86.7356164,2.30E+12,VALID,0,0,0,0,0,1,1,1,0,0,,,1,,,,0,0,0,0,0,1,0,0,0,1,0,0,0,0,0,0,0,0,0,4,4,4,5,0,1,1,0,0,0,0,0,,,,,,,,,,0,0,1,0,0,0,0,0,0,0,0,0,0,0,0,0,1,0,0,0,0,0,0,0,,,,,0,,,,,1,1,0,0,0,0,0,0,1,0,1,1,0,1,0,0,0,0,0,0,1,0,1,1,1,0,0,0,0,1,0,0,0,0,0,0,0,0,0,0,0,0,0,0,0,0,0,1,1,1,1,1,1,1,0,0,0,0,1,0,0,0,0,0,0,0,0,0,0,0,0,N/A,0,0,0,-1,0,0,N/A,0,1,1,0,0,1,0,1,0,3,3,-1,-1,3,2,3,2,3,-1,3,3,3,3,3,-1,-1,-1,M,4,1,3,1,1,1,1,MaS DE 10 A헲S,MaS DE 10 A헲S
11458,21.2228533,-86.72502,2.30E+12,VALID,1,0,1,1,1,1,1,1,1,-,,,1,,,,0,1,1,0,0,1,1,1,0,0,0,0,1,0,0,1,0,0,0,1,1,1,1,0,1,1,1,1,0,0,0,,,,,,,,,,1,1,1,1,0,0,0,1,0,0,0,0,1,0,0,0,1,0,0,0,0,0,0,0,,,,,0,,,,,1,0,1,0,0,0,0,0,1,1,1,1,0,1,1,1,1,0,1,1,1,1,1,1,1,1,0,0,1,1,0,0,0,0,0,0,0,0,0,0,0,0,0,1,0,0,0,1,1,1,1,1,1,1,0,0,0,0,0,-,0,0,1,0,0,0,0,0,0,0,0,0,0,0,0,0,0,0,N/A,0,0,0,1,0,1,0,1,0,4,1,5,-1,5,4,4,4,4,-1,5,4,2,1,3,-1,5,-1,M,5,4,1,1,1,1,1,MaS DE 10 A헲S,ENTRE 6 Y 10 A헲S
11459,21.2391542,-86.7352934,2.30E+12,VALID,0,0,0,1,0,1,0,0,0,0,,,0,0,,,0,0,1,0,0,1,1,0,0,1,0,0,1,0,0,1,0,0,0,4,4,5,5,0,1,1,0,0,0,0,0,,,,,,,,,,0,0,1,0,0,0,0,0,0,0,0,0,0,0,0,0,1,1,0,0,0,0,0,0,,,,,0,,,,,0,1,1,0,0,0,1,0,1,0,1,1,0,1,1,1,1,0,0,1,1,0,1,1,1,1,0,0,0,1,0,0,0,0,0,0,0,0,0,0,0,0,0,1,0,1,0,1,1,1,1,1,1,1,1,0,0,0,0,-,0,0,1,0,0,0,0,0,0,0,0,N/A,0,0,0,-1,0,0,N/A,0,1,1,0,0,1,0,1,0,3,3,-1,-1,2,2,2,3,3,-1,2,2,3,3,3,-1,-1,-1,M,3,1,2,1,1,1,0,ENTRE 6 Y 10 A헲S,ENTRE 1 Y 5 A헲S
11466,21.2389722,-86.7352202,2.30E+12,VALID,0,0,0,0,0,1,1,1,0,0,,,1,,,,0,0,0,0,0,1,0,0,0,1,0,0,0,0,0,0,0,0,0,3,5,5,5,0,1,1,1,1,0,0,0,,,,,,,,,,1,0,1,0,0,0,0,0,0,0,0,0,0,0,0,0,1,1,0,0,0,0,0,0,,,,,0,,,,,0,1,1,0,0,0,0,0,1,0,1,1,0,1,1,1,1,0,0,0,1,0,1,1,1,1,0,0,0,1,0,0,0,0,0,0,0,0,0,0,0,0,0,0,0,0,0,1,1,1,1,1,1,1,1,0,0,0,0,-,0,0,0,0,0,0,0,0,0,0,N/A,N/A,N/A,1,0,-1,0,0,N/A,0,1,1,0,0,1,0,0,0,3,3,-1,-1,2,3,2,2,2,-1,2,2,3,3,2,-1,-1,-1,M,4,2,2,2,1,1,1,MaS DE 10 A헲S,MaS DE 10 A헲S
11471,21.2298404,-86.7317173,2.30E+12,VALID,0,0,0,1,0,1,0,0,0,1,"LUNES, MARTES, LUNES, MARTES","TARDE, TARDE",0,1,"LUNES, MARTES, LUNES, MARTES","TARDE, TARDE",0,0,0,0,0,1,1,0,0,0,0,0,0,0,0,0,0,0,0,1,1,1,1,0,1,1,1,1,0,0,0,,,,,,,,,,1,1,1,1,0,0,0,0,0,0,0,0,0,0,0,0,0,0,0,0,0,0,0,0,,,,,0,,,,,1,1,1,0,0,0,0,0,1,1,1,1,0,1,1,1,1,0,1,1,1,1,0,1,1,0,0,0,1,1,0,0,0,0,0,0,0,0,0,0,0,0,0,1,0,1,0,1,1,1,1,1,1,1,1,1,0,0,0,-,0,0,0,1,0,0,0,0,0,0,N/A,N/A,0,0,0,0,0,0,N/A,0,0,0,1,0,0,0,1,0,3,3,3,-1,2,3,3,3,3,-1,1,3,3,3,3,-1,1,3,M,4,1,3,1,1,1,0,ENTRE 1 Y 5 A헲S,ENTRE 1 Y 5 A헲S
11477,21.2229217,-86.7258117,2.30E+12,VALID,0,0,0,1,1,1,0,0,1,-,,,1,,,,1,0,0,0,0,1,1,0,0,1,1,0,0,0,0,1,0,1,0,2,2,4,4,0,1,1,1,1,0,0,1,1,0,0,1,0,0,1,0,1,1,0,0,0,1,0,1,1,0,0,0,0,1,1,0,0,1,0,1,0,0,0,0,0,,,,,0,,,,,1,0,1,0,0,0,0,0,1,1,1,0,0,1,1,1,0,0,1,0,1,0,1,1,1,1,0,0,1,1,0,0,0,0,0,0,0,0,0,0,0,0,0,1,0,0,0,1,1,1,1,1,0,1,1,0,0,0,0,-,0,0,1,0,0,1,0,0,0,1,N/A,N/A,N/A,0,0,-1,0,0,N/A,0,0,0,0,1,0,0,1,0,1,1,2,-1,1,1,2,1,2,-1,1,1,1,1,3,-1,1,-1,M,4,3,1,0,-1,-1,1,MaS DE 10 A헲S,MaS DE 10 A헲S
11479,21.2385469,-86.7349449,2.30E+12,VALID,0,0,0,1,0,1,0,1,0,0,,,1,,,,0,0,0,0,0,1,0,0,0,0,0,0,1,0,0,0,0,0,0,3,3,3,3,0,1,1,1,1,0,0,0,,,,,,,,,,1,0,1,0,0,0,0,0,0,0,0,0,0,0,0,0,1,1,0,0,0,0,0,0,,,,,0,,,,,0,0,1,0,0,0,0,0,1,0,1,1,0,1,1,1,0,0,1,1,1,0,1,1,1,0,0,0,0,0,0,0,0,0,0,0,0,0,0,0,0,0,0,0,0,0,0,1,1,1,1,1,1,1,1,0,0,0,0,-,0,0,1,0,0,0,0,0,0,0,N/A,N/A,N/A,0,0,-1,0,0,N/A,0,1,1,1,0,1,0,0,0,2,2,-1,-1,2,2,2,2,2,-1,2,2,2,2,2,-1,-1,-1,H,3,2,1,0,-1,-1,1,MaS DE 10 A헲S,MaS DE 10 A헲S
11490,21.2382961,-86.7349268,2.30E+12,VALID,0,0,0,1,0,1,1,1,0,0,,,1,,,,0,0,0,0,0,0,0,0,0,0,0,0,0,0,0,0,0,0,0,3,4,4,4,0,1,1,1,1,0,0,0,,,,,,,,,,1,0,1,0,0,0,0,0,0,0,0,0,0,0,0,0,0,0,0,0,0,0,0,0,,,,,0,,,,,0,1,1,0,0,0,0,0,1,0,1,1,1,1,1,0,1,0,0,1,1,1,1,1,1,1,0,0,1,1,0,0,0,0,0,0,0,0,0,0,0,0,0,1,0,1,0,1,1,1,1,1,1,1,0,0,0,0,0,-,0,0,1,0,0,0,0,0,0,0,N/A,N/A,N/A,0,0,-1,0,0,N/A,1,1,1,0,0,1,0,1,0,2,2,-1,-1,2,2,2,2,2,-1,2,2,2,2,2,-1,3,3,M,2,1,1,0,-1,-1,1,MaS DE 10 A헲S,MaS DE 10 A헲S
11491,21.229609,-86.7320874,2.30E+12,VALID,0,0,0,1,1,1,1,1,1,-,,,1,,,,1,0,0,0,0,1,1,0,0,0,0,0,0,0,0,0,0,0,0,1,2,2,2,0,1,1,1,1,0,0,0,,,,,,,,,,1,0,1,1,0,0,0,1,0,0,0,0,0,0,0,0,0,0,0,0,0,0,0,0,,,,,0,,,,,1,1,1,0,0,0,0,0,1,1,1,1,0,1,1,1,1,1,1,1,1,1,0,1,1,0,1,0,1,1,0,0,0,0,0,0,0,0,0,0,0,0,0,1,0,1,0,1,1,1,1,1,1,1,1,0,0,0,0,-,0,0,1,0,0,0,0,0,0,0,N/A,N/A,N/A,0,0,-1,1,0,N/A,0,0,0,1,0,1,0,1,0,5,4,-1,-1,5,3,5,4,4,-1,5,3,5,4,4,-1,5,3,M,11,5,6,2,1,1,0,MENOS DE UN A헲,MENOS DE UN A헲
11495,21.2224852,-86.7253607,2.30E+12,VALID,0,0,0,0,0,1,0,0,0,0,,,0,0,,,1,0,0,0,0,1,1,1,0,0,0,0,1,1,0,0,0,1,1,1,1,1,3,0,1,1,1,1,0,0,0,,,,,,,,,,0,0,1,0,0,0,0,1,0,0,0,0,0,0,0,0,1,0,0,0,0,0,0,0,,,,,0,,,,,1,0,1,0,0,0,0,0,1,1,0,1,0,0,1,1,0,0,1,0,1,1,1,1,1,0,0,0,0,0,0,0,0,0,0,0,0,0,0,0,0,0,1,1,0,0,0,1,1,1,1,1,1,0,1,1,0,1,1,0,0,0,1,0,0,0,0,1,1,0,N/A,0,0,1,1,0,0,0,N/A,0,1,0,0,1,0,1,0,1,1,1,5,-1,1,1,1,1,4,-1,1,3,1,1,3,-1,1,-1,M,3,2,1,1,1,1,1,ENTRE 6 Y 10 A헲S,ENTRE 1 Y 5 A헲S
11499,21.238218,-86.7348969,2.30E+12,VALID,0,0,0,0,0,1,1,1,1,-,,,1,,,,1,0,0,0,0,1,1,0,0,1,0,0,1,0,0,0,0,0,0,4,5,5,5,0,1,1,1,1,0,0,0,,,,,,,,,,0,0,1,0,0,0,0,0,0,0,0,0,0,0,0,0,1,1,0,0,0,0,0,0,,,,,0,,,,,1,1,1,0,0,0,0,0,1,1,1,1,0,1,0,0,0,0,0,1,1,0,1,1,0,1,0,0,0,0,0,0,0,0,0,0,0,0,0,0,0,0,1,0,0,0,0,1,1,1,1,1,0,1,0,0,0,0,0,-,0,0,0,0,0,0,0,0,0,0,N/A,N/A,0,0,0,-1,0,0,N/A,0,1,1,0,0,1,0,1,0,3,3,-1,-1,2,2,2,2,3,-1,2,3,3,3,3,-1,-1,-1,M,3,1,2,1,0,0,1,MaS DE 10 A헲S,MaS DE 10 A헲S
11506,21.2384509,-86.7349432,2.30E+12,VALID,0,0,0,1,0,1,1,1,1,-,,,1,,,,0,0,1,0,0,1,1,0,0,0,0,0,1,0,0,0,0,0,0,3,4,4,4,0,1,1,1,1,0,0,0,,,,,,,,,,1,0,1,0,0,0,0,0,0,0,0,0,0,0,0,0,1,1,0,0,0,0,0,0,,,,,0,,,,,0,1,1,0,0,0,0,0,1,0,1,1,0,1,0,0,0,0,1,0,1,0,0,1,0,1,0,0,0,1,0,0,0,0,0,0,0,0,0,0,0,0,0,0,0,0,0,1,1,1,1,1,1,1,1,0,0,0,0,-,0,0,0,0,1,1,0,0,0,0,0,0,0,0,0,-1,0,0,N/A,0,1,1,0,0,1,0,0,0,2,2,-1,-1,2,2,2,2,2,-1,2,2,2,2,2,-1,-1,-1,H,10,3,7,3,1,1,1,MaS DE 10 A헲S,MaS DE 10 A헲S
11510,21.2286938,-86.7324687,2.30E+12,VALID,0,0,0,0,0,1,0,0,1,-,,,0,1,"DOMINGO, DOMINGO","MA칌ANA, MA칌ANA",0,0,0,0,0,1,1,0,0,1,1,0,1,1,1,1,0,0,0,1,5,5,5,0,1,1,1,1,0,0,1,1,0,0,1,1,0,1,0,1,1,0,1,1,1,1,1,1,0,1,0,0,0,0,0,1,1,1,0,0,0,0,0,0,,,,,0,,,,,1,1,1,1,1,1,1,1,1,0,1,1,1,1,1,1,1,1,1,0,1,1,0,1,1,1,0,0,1,1,0,0,1,1,0,0,1,1,0,0,0,0,0,1,0,1,0,1,1,1,1,1,1,1,0,0,0,0,1,0,0,0,0,0,1,0,0,0,0,0,0,N/A,0,1,1,1,1,1,N/A,0,0,0,0,1,0,1,0,1,1,1,2,-1,1,2,1,1,1,-1,1,2,1,1,1,-1,1,1,M,6,3,3,0,-1,-1,1,MaS DE 10 A헲S,MaS DE 10 A헲S
11513,21.2229446,-86.7263952,2.30E+12,VALID,0,0,1,1,1,1,1,1,1,-,,,1,,,,0,0,1,1,0,0,0,0,0,0,0,0,0,0,0,0,0,0,0,1,1,1,3,0,1,1,1,1,0,0,0,,,,,,,,,,1,0,1,0,0,0,0,1,0,0,0,1,0,0,0,0,1,1,0,0,0,0,0,0,,,,,0,,,,,1,0,1,0,0,0,0,0,0,-1,-1,-1,-1,-1,-1,-1,-1,-1,-1,-1,1,1,1,1,0,1,0,0,0,1,0,0,0,0,0,0,0,0,0,0,0,0,0,1,0,0,0,1,1,1,1,1,1,1,1,0,0,0,0,-,0,0,0,0,0,0,0,0,0,0,0,0,0,1,0,0,0,0,N/A,0,0,0,0,0,1,0,1,0,2,3,4,-1,4,4,3,3,4,-1,3,3,3,4,4,-1,4,3,H,4,3,1,2,0,1,1,MaS DE 10 A헲S,ENTRE 6 Y 10 A헲S
11519,21.2386424,-86.7350652,2.30E+12,VALID,0,0,0,1,1,1,0,0,0,0,,,0,1,"JUEVES, JUEVES","0CHE, 0CHE",0,0,0,0,0,1,0,0,0,0,1,0,1,0,0,0,0,1,0,5,5,5,5,0,1,1,1,1,0,0,0,,,,,,,,,,0,0,1,0,0,0,0,0,0,0,0,0,0,0,0,0,1,1,0,0,0,0,0,0,,,,,0,,,,,1,1,1,0,0,0,0,0,1,0,1,1,0,1,1,0,0,0,0,0,1,0,1,1,0,1,0,0,0,1,0,0,0,0,0,0,0,0,0,0,0,0,0,1,0,0,0,1,1,1,1,1,1,1,0,0,0,0,0,-,0,0,0,0,0,0,0,0,0,0,0,N/A,0,0,0,-1,0,0,N/A,0,1,1,1,0,1,0,1,0,3,3,-1,-1,5,5,5,3,3,-1,3,3,3,3,3,-1,-1,-1,H,4,2,2,2,1,1,0,MaS DE 10 A헲S,ENTRE 1 Y 5 A헲S
11525,21.2385998,-86.7350199,2.30E+12,VALID,0,0,0,1,0,1,0,1,1,-,,,1,,,,0,0,0,0,0,1,1,0,0,1,0,0,0,0,0,1,0,0,0,3,3,4,4,0,1,1,1,1,0,0,0,,,,,,,,,,1,0,1,0,0,0,0,1,0,0,0,0,0,0,0,0,1,1,0,0,0,0,0,0,,,,,0,,,,,1,0,1,0,0,0,0,0,0,-1,-1,-1,-1,-1,-1,-1,-1,-1,-1,-1,1,0,1,1,1,0,0,0,0,1,0,0,0,0,0,0,0,0,0,0,0,0,0,1,0,1,0,1,1,1,1,1,1,1,1,0,0,0,0,-,0,0,0,0,0,0,0,0,0,0,N/A,N/A,N/A,1,0,-1,0,0,N/A,0,1,1,0,0,1,0,1,0,4,4,-1,-1,3,3,2,3,3,-1,2,3,3,3,3,-1,3,-1,M,2,1,1,0,-1,-1,1,MaS DE 10 A헲S,MaS DE 10 A헲S
11527,21.2292299,-86.732394,2.30E+12,VALID,0,0,1,0,0,0,-1,-1,-1,-,,,0,0,,,0,0,0,0,0,1,1,0,0,1,0,0,1,0,0,0,0,0,0,1,2,2,4,0,1,1,1,1,0,0,0,,,,,,,,,,0,0,1,1,0,0,0,0,0,0,0,0,0,0,0,1,1,1,0,0,0,0,0,0,,,,,0,,,,,1,1,1,0,0,0,0,0,1,1,1,1,0,1,1,1,1,0,1,1,1,0,1,1,1,0,1,0,1,1,0,0,0,0,0,0,0,0,0,0,0,0,0,1,0,1,0,1,1,1,1,1,1,1,1,0,0,0,0,-,0,0,0,0,0,0,0,0,0,0,N/A,N/A,0,1,1,1,1,1,N/A,1,0,0,0,1,0,1,0,1,2,2,2,-1,1,1,1,1,1,-1,1,1,2,2,2,-1,1,1,M,3,2,1,1,1,1,0,ENTRE 1 Y 5 A헲S,ENTRE 1 Y 5 A헲S
11532,21.2217283,-86.7265867,2.30E+12,VALID,0,1,1,1,1,1,1,1,1,-,,,1,,,,0,0,0,0,0,1,0,0,0,0,1,0,0,0,0,1,0,0,1,1,1,3,3,0,1,1,1,1,0,0,0,,,,,,,,,,1,0,1,1,0,1,0,1,1,1,0,0,0,0,0,0,1,1,1,0,0,0,0,0,,,,,0,,,,,1,1,1,0,0,0,0,0,1,1,1,1,0,1,1,1,1,0,1,1,1,0,1,1,1,1,0,0,0,0,0,0,0,0,0,0,0,0,0,0,1,1,1,1,0,1,0,1,1,1,1,1,1,1,1,1,0,0,1,0,0,0,1,1,0,0,0,0,0,0,0,0,0,0,0,0,0,0,N/A,0,0,0,0,0,0,0,1,0,3,4,5,-1,4,1,3,4,4,-1,5,2,3,3,4,-1,4,2,M,4,2,2,2,1,1,1,MaS DE 10 A헲S,ENTRE 6 Y 10 A헲S
11537,21.2389627,-86.7352389,2.30E+12,VALID,0,0,0,0,0,1,0,0,0,0,,,0,0,,,0,0,0,0,0,1,0,0,0,1,1,0,1,0,0,0,0,0,0,3,4,5,5,0,1,1,1,0,0,0,0,,,,,,,,,,0,0,1,0,0,0,0,0,0,0,0,0,0,0,0,0,1,1,0,0,0,0,0,0,,,,,0,,,,,1,0,1,0,0,0,0,0,0,-1,-1,-1,-1,-1,-1,-1,-1,-1,-1,-1,1,0,1,1,0,1,0,0,0,1,0,0,0,0,0,0,0,0,0,0,0,0,0,0,0,0,0,1,1,1,1,1,1,1,1,0,0,0,0,-,0,0,0,0,0,0,0,0,0,0,N/A,0,N/A,0,0,-1,0,0,N/A,0,1,1,0,0,1,0,0,0,2,2,-1,-1,3,2,2,3,3,-1,2,2,3,3,3,-1,-1,-1,M,2,1,1,0,-1,-1,1,ENTRE 1 Y 5 A헲S,ENTRE 1 Y 5 A헲S
11540,21.2290301,-86.73181,2.30E+12,VALID,1,1,1,1,1,1,1,1,1,-,,,1,,,,1,1,0,0,0,1,1,0,0,0,0,0,0,0,0,0,0,0,0,1,5,5,5,0,1,1,1,1,0,0,0,,,,,,,,,,1,0,1,1,0,0,0,0,0,0,0,0,0,0,0,0,0,0,0,0,0,0,0,0,,,,,0,,,,,1,1,1,0,0,0,0,0,1,1,1,1,0,1,1,1,1,0,1,0,1,0,0,1,1,0,1,0,1,1,0,0,0,0,0,0,0,0,0,0,0,0,0,0,0,0,0,1,1,1,1,1,1,1,0,0,0,0,0,-,0,0,0,0,0,0,0,0,0,0,0,N/A,0,0,0,1,0,0,N/A,0,0,0,0,1,0,1,0,1,3,3,3,-1,3,3,3,3,4,-1,1,1,3,3,3,-1,1,2,M,4,2,2,0,-1,-1,1,MaS DE 10 A헲S,MaS DE 10 A헲S
11549,21.2216225,-86.7267227,2.30E+12,VALID,0,0,0,1,1,1,0,1,1,-,,,1,,,,1,0,0,0,0,1,0,0,0,0,1,0,0,0,0,0,0,1,0,1,1,1,3,0,1,1,1,1,0,0,0,,,,,,,,,,0,0,1,1,0,0,0,1,0,0,0,0,0,0,0,0,1,1,0,0,0,0,0,0,,,,,0,,,,,0,0,1,0,0,0,0,0,1,1,1,1,0,1,1,1,0,0,0,0,1,1,1,1,1,1,0,0,0,0,0,0,0,0,0,0,0,0,0,0,1,0,0,0,0,0,0,1,1,1,1,1,1,1,0,0,0,0,0,-,0,0,1,0,0,0,0,0,0,0,N/A,N/A,N/A,0,0,-1,0,0,N/A,0,0,0,1,0,1,0,1,0,2,1,3,-1,2,3,3,2,3,-1,2,3,3,1,3,-1,1,2,H,3,3,0,0,-1,-1,1,MaS DE 10 A헲S,MaS DE 10 A헲S
11560,21.2215054,-86.7271983,2.30E+12,VALID,0,0,1,1,0,1,1,0,1,-,,,1,,,,1,0,1,0,0,1,1,0,0,0,0,0,0,0,0,1,0,1,1,1,1,1,3,0,1,1,1,1,0,0,0,,,,,,,,,,0,0,1,0,0,0,0,1,0,0,0,0,1,0,0,0,1,0,0,0,0,0,0,0,,,,,0,,,,,1,1,1,0,0,0,0,0,1,1,1,1,0,1,1,1,0,0,0,0,1,0,1,1,1,0,0,0,0,1,0,0,0,0,0,0,0,0,0,0,0,0,1,1,1,0,0,1,1,1,1,1,1,1,1,1,0,1,0,-,0,0,0,1,0,1,0,0,0,0,N/A,0,0,1,0,0,0,0,N/A,1,1,0,0,0,0,1,1,0,3,3,3,-1,3,4,2,3,3,-1,2,4,3,3,3,-1,3,-1,M,3,2,1,1,1,1,1,MaS DE 10 A헲S,MaS DE 10 A헲S
11577,21.2214444,-86.7272366,2.30E+12,VALID,0,0,1,1,0,1,0,0,1,-,,,1,,,,1,0,1,0,1,1,1,0,0,0,1,0,1,1,1,1,0,0,0,5,5,5,5,0,1,1,1,1,0,0,0,,,,,,,,,,1,0,1,1,0,0,0,1,1,1,0,1,0,0,1,1,1,1,0,0,0,0,0,0,,,,,0,,,,,1,1,1,0,0,0,0,0,1,1,1,1,0,1,1,1,1,0,0,1,1,0,1,1,1,0,0,0,0,1,0,0,0,1,0,0,0,0,0,0,0,0,0,1,0,0,0,1,1,1,1,1,1,1,1,0,0,0,0,-,0,0,1,0,0,0,0,0,0,0,0,0,0,0,0,0,0,0,N/A,0,0,0,1,0,1,0,1,0,3,1,5,-1,4,1,3,3,3,-1,3,3,2,1,3,-1,3,3,H,8,4,4,1,1,1,1,MaS DE 10 A헲S,MaS DE 10 A헲S
11724,21.2251067,-86.7272655,2.30E+12,VALID,0,1,1,1,0,1,0,1,1,-,,,1,,,,1,1,1,1,0,1,1,0,0,0,1,0,1,0,0,1,0,0,0,1,2,2,4,0,1,1,1,1,0,0,0,,,,,,,,,,1,0,0,1,1,0,0,1,0,0,0,1,0,0,0,0,1,1,1,0,0,0,0,0,,,,,0,,,,,1,1,1,0,0,0,0,0,1,1,1,0,0,0,0,0,1,0,1,0,1,0,1,1,1,1,0,0,0,1,0,0,0,0,0,0,0,0,0,0,1,0,0,1,0,0,0,1,1,1,1,1,1,1,0,0,0,1,0,-,0,0,0,0,0,0,0,0,1,1,0,N/A,N/A,1,0,-1,0,0,N/A,0,0,0,0,0,1,1,0,0,1,1,3,-1,1,1,2,2,2,-1,1,2,1,1,3,-1,-1,-1,M,2,1,1,0,-1,-1,0,ENTRE 6 Y 10 A헲S,ENTRE 6 Y 10 A헲S
11733,21.2250525,-86.7269262,2.30E+12,VALID,1,0,1,1,0,1,0,0,0,1,"LUNES, MARTES, MIERCOLES, JUEVES, VIERNES, LUNES, MARTES, MIERCOLES, JUEVES, VIERNES","TARDE, TARDE",1,,,,1,1,0,0,0,1,1,0,0,1,1,0,1,0,0,0,0,0,0,1,2,2,2,0,1,1,1,1,0,0,0,,,,,,,,,,1,1,1,1,0,0,0,1,0,0,0,1,0,0,0,0,0,1,0,0,0,0,0,0,,,,,0,,,,,1,1,1,1,0,0,0,0,1,1,1,1,0,1,1,1,1,0,1,1,1,1,1,1,1,1,0,0,1,1,0,0,0,0,0,0,0,0,0,0,0,0,0,0,0,1,0,1,1,1,1,1,1,1,1,0,0,0,0,-,0,0,1,0,0,0,0,0,0,0,N/A,N/A,0,0,1,0,0,0,N/A,0,1,0,0,0,1,0,1,0,2,2,5,-1,3,3,2,1,4,-1,3,3,2,2,4,-1,2,-1,M,4,2,2,2,1,1,0,ENTRE 6 Y 10 A헲S,ENTRE 1 Y 5 A헲S
11746,21.2271652,-86.7309442,2.30E+12,VALID,0,1,0,1,0,1,1,1,1,-,,,0,0,,,0,0,0,1,0,1,1,0,0,0,1,0,0,0,0,0,0,0,0,5,5,5,5,1,1,1,1,1,0,0,1,1,0,0,1,1,1,0,0,1,1,0,1,1,0,0,0,0,0,0,0,0,0,0,0,0,0,0,0,0,0,0,0,0,,,,,0,,,,,1,1,1,1,0,0,0,0,1,1,1,1,0,1,1,1,1,0,1,0,1,0,0,1,1,0,0,0,1,1,0,0,0,0,0,0,0,0,0,0,0,0,0,0,0,0,0,1,1,1,1,1,1,1,0,0,0,0,1,0,0,0,0,0,0,0,0,0,0,0,N/A,N/A,0,1,1,1,0,0,N/A,0,0,0,1,0,1,0,1,0,5,5,5,-1,5,5,3,3,3,-1,5,5,3,3,3,-1,5,3,M,5,3,2,1,1,1,0,MaS DE 10 A헲S,ENTRE 1 Y 5 A헲S
11747,21.2247099,-86.7266055,2.30E+12,VALID,1,0,1,1,1,1,1,1,1,-,,,1,,,,1,0,1,0,0,1,1,0,0,1,0,0,1,1,0,0,0,0,0,1,2,2,2,1,1,1,1,1,0,0,0,,,,,,,,,,1,1,1,1,0,0,0,1,0,0,0,0,0,0,0,0,1,1,0,0,0,0,0,0,,,,,0,,,,,1,1,1,0,0,0,0,0,1,1,1,1,0,1,1,1,1,0,1,1,1,0,1,1,1,1,0,0,0,0,0,0,0,0,0,0,0,0,0,0,0,0,0,1,0,0,0,1,1,1,1,1,1,1,1,0,0,0,0,-,0,0,0,1,0,0,0,0,0,0,0,0,0,0,0,0,0,0,N/A,0,0,0,1,0,1,0,1,0,5,5,5,-1,5,3,5,5,4,-1,5,5,5,5,5,-1,5,5,H,6,1,5,2,1,1,1,MaS DE 10 A헲S,MaS DE 10 A헲S
11758,21.2246223,-86.7271108,2.30E+12,VALID,0,1,1,1,1,1,0,1,1,-,,,1,,,,1,0,0,0,0,1,0,0,0,1,1,0,1,0,0,1,1,0,0,1,3,3,3,0,1,1,1,1,0,0,0,,,,,,,,,,1,1,1,1,0,0,0,1,0,0,0,0,0,0,0,0,0,0,0,0,0,0,0,0,,,,,0,,,,,1,0,1,0,0,0,0,0,1,1,1,1,0,1,1,1,1,0,1,1,1,0,1,1,1,1,0,0,0,1,0,0,0,0,0,0,0,0,0,0,0,0,0,0,0,0,0,1,1,1,1,0,0,0,0,0,0,0,0,-,0,0,1,1,0,0,0,0,0,0,0,N/A,N/A,1,0,-1,0,0,N/A,0,0,0,0,0,1,0,1,0,3,3,4,-1,2,3,2,1,4,-1,2,3,2,2,4,-1,3,3,H,1,1,0,0,-1,-1,1,MaS DE 10 A헲S,MaS DE 10 A헲S
11763,21.2259018,-86.730464,2.30E+12,VALID,0,0,0,1,0,0,-1,-1,-1,-,,,0,0,,,0,0,0,0,0,1,1,0,0,0,0,0,0,0,0,0,0,0,0,2,3,5,5,0,1,1,1,1,0,0,0,,,,,,,,,,1,0,1,1,0,0,0,0,0,0,0,0,0,0,0,0,0,0,0,0,0,0,0,0,,,,,0,,,,,1,1,1,0,0,0,0,0,1,1,1,1,0,1,1,1,1,0,1,1,1,0,1,1,1,1,0,0,1,1,0,0,0,0,0,0,0,0,0,0,0,0,0,0,0,0,0,1,1,1,1,1,1,1,0,0,0,0,0,-,0,0,0,0,0,0,0,0,0,0,N/A,N/A,N/A,1,1,-1,0,0,N/A,0,0,0,0,1,0,1,0,1,1,2,-1,-1,1,3,1,2,2,-1,1,3,1,2,2,-1,1,3,M,2,1,1,0,-1,-1,0,ENTRE 1 Y 5 A헲S,ENTRE 1 Y 5 A헲S
11772,21.2241493,-86.7266611,2.30E+12,VALID,0,0,0,0,0,1,0,1,1,-,,,1,,,,1,0,1,0,0,1,1,0,0,0,0,0,0,0,0,0,0,0,0,1,1,1,3,0,1,1,1,1,0,0,0,,,,,,,,,,0,1,1,1,0,0,0,1,0,0,0,0,0,0,0,0,0,0,0,0,0,0,0,0,,,,,0,,,,,0,0,1,0,0,0,0,0,1,1,1,1,0,1,1,1,0,0,0,1,1,0,1,1,1,0,0,0,0,0,0,0,0,0,0,0,0,0,0,0,0,0,0,1,0,0,0,1,1,1,1,1,1,1,0,0,0,0,0,-,1,0,0,0,0,0,0,0,0,0,N/A,N/A,N/A,0,0,0,0,0,N/A,0,0,0,1,0,1,0,1,0,2,2,4,-1,2,2,2,1,4,-1,2,4,2,1,4,-1,2,-1,M,7,4,3,4,1,1,1,ENTRE 6 Y 10 A헲S,ENTRE 1 Y 5 A헲S
11781,21.22622,-86.7311949,2.30E+12,VALID,0,0,0,0,0,1,0,0,1,-,,,0,1,"VIERNES, VIERNES","TARDE, TARDE",0,0,0,0,0,1,1,0,0,0,1,1,1,1,0,0,0,0,0,1,5,5,5,0,1,1,1,1,0,0,0,,,,,,,,,,1,0,1,0,0,0,0,1,1,1,0,0,0,0,0,0,0,0,0,0,0,0,0,0,,,,,0,,,,,1,1,1,0,0,0,0,0,1,1,1,1,1,1,1,1,1,1,1,0,1,1,1,1,1,1,0,0,1,1,0,0,1,1,1,1,1,1,1,0,1,0,1,1,1,1,0,1,1,1,1,1,1,1,0,0,0,0,0,-,0,0,1,0,0,0,0,0,0,0,N/A,N/A,0,1,1,1,1,1,N/A,1,1,0,0,1,0,1,0,1,1,2,4,-1,1,1,1,1,1,-1,1,1,1,1,1,-1,1,1,M,10,7,3,4,1,1,1,MaS DE 10 A헲S,MaS DE 10 A헲S
11788,21.2237,-86.72606,2.30E+12,VALID,0,0,0,0,0,1,0,1,1,-,,,1,,,,1,0,0,0,0,1,1,0,0,1,0,0,0,0,0,0,0,0,0,1,1,1,1,0,1,1,1,1,0,0,0,,,,,,,,,,1,1,1,1,0,0,0,1,0,0,0,0,0,0,0,0,1,1,0,0,0,0,0,0,,,,,0,,,,,1,0,1,0,0,0,0,0,1,1,1,1,0,1,1,1,0,0,0,1,1,0,1,1,1,1,0,0,0,0,0,0,0,0,0,0,0,0,0,0,0,0,0,0,0,0,0,1,1,1,1,1,1,1,0,0,0,0,1,0,0,0,0,0,0,0,0,0,0,0,0,0,0,0,0,-1,0,0,N/A,0,0,0,0,0,1,0,1,0,3,1,3,-1,2,2,3,3,3,-1,2,3,1,1,4,-1,2,2,M,3,1,2,0,-1,-1,1,MaS DE 10 A헲S,MaS DE 10 A헲S
11807,21.225629,-86.7309113,2.30E+12,VALID,0,1,1,1,0,0,-1,-1,-1,-,,,0,0,,,1,0,0,0,0,1,1,0,0,1,1,0,1,1,0,0,0,0,0,1,2,4,4,0,1,1,1,1,0,0,0,,,,,,,,,,0,0,1,1,0,0,0,1,0,0,0,0,0,0,0,1,1,1,0,0,0,0,0,0,,,,,0,,,,,1,1,1,0,0,0,0,0,1,1,1,1,1,1,1,1,1,1,1,0,1,0,0,1,1,1,0,0,1,1,0,0,1,0,0,0,0,0,0,0,0,0,0,0,0,1,0,1,1,1,1,1,1,1,1,0,0,0,0,-,0,0,0,0,0,0,0,0,0,0,N/A,N/A,0,1,1,1,0,0,N/A,0,0,0,0,1,0,1,0,1,1,1,3,-1,1,1,1,1,1,-1,1,1,1,1,1,-1,1,1,M,3,2,1,1,1,1,0,ENTRE 1 Y 5 A헲S,ENTRE 1 Y 5 A헲S
11808,21.223706,-86.7257463,2.30E+12,VALID,0,0,1,1,1,1,0,0,1,-,,,1,,,,1,0,0,0,0,1,1,0,0,0,0,0,1,0,0,1,0,0,0,1,2,1,2,0,1,1,1,1,0,0,0,,,,,,,,,,0,1,1,1,0,0,0,0,0,0,0,0,0,0,0,0,1,1,0,0,0,0,0,0,,,,,0,,,,,1,0,1,0,0,0,0,0,1,1,1,1,0,0,1,0,1,0,0,1,1,0,1,1,1,0,0,0,0,0,0,0,0,0,0,0,0,0,0,0,0,0,0,0,0,0,0,1,1,1,1,1,1,1,1,0,0,0,0,-,0,0,0,0,0,0,0,0,0,0,N/A,N/A,0,1,0,0,0,0,N/A,0,0,0,1,0,1,1,1,1,4,1,5,-1,5,3,3,2,4,-1,5,3,3,1,5,-1,3,-1,M,5,3,2,1,1,1,1,MaS DE 10 A헲S,MaS DE 10 A헲S
11825,21.2243528,-86.7261172,2.30E+12,VALID,0,0,0,1,1,1,0,0,1,-,,,1,,,,1,1,1,1,0,1,0,0,0,0,0,0,1,0,0,0,0,0,0,1,2,2,2,0,1,1,1,1,0,0,0,,,,,,,,,,1,1,1,1,0,0,0,1,0,0,0,0,0,0,0,0,1,1,0,0,0,0,0,0,,,,,0,,,,,1,1,1,0,0,0,0,0,1,0,1,0,0,1,1,1,0,0,1,0,1,0,1,1,1,0,0,0,0,0,0,0,0,0,0,0,0,0,0,0,0,0,0,0,0,0,0,1,1,1,1,1,1,1,0,0,0,0,0,-,0,0,0,0,0,0,0,0,0,0,N/A,N/A,N/A,0,0,-1,0,0,N/A,1,0,0,1,0,1,0,1,0,4,4,5,-1,4,2,3,3,5,-1,3,2,1,1,4,-1,2,-1,M,5,3,2,1,1,1,1,MaS DE 10 A헲S,MaS DE 10 A헲S
11826,21.2256833,-86.7315253,2.30E+12,VALID,0,0,0,0,0,1,0,0,0,0,,,1,,,,0,0,0,0,0,1,1,0,0,1,1,1,1,1,1,0,0,0,0,4,4,4,5,0,1,1,1,1,0,0,0,,,,,,,,,,1,0,1,1,0,0,0,0,0,0,0,0,0,0,0,1,1,1,0,0,0,0,0,0,,,,,0,,,,,1,1,1,0,0,0,0,0,0,-1,-1,-1,-1,-1,-1,-1,-1,-1,-1,-1,1,0,1,1,1,1,0,0,0,0,0,0,0,0,0,0,0,0,0,0,0,0,0,0,0,0,0,1,1,1,1,1,1,1,0,0,0,0,0,-,0,0,0,0,0,0,0,0,0,0,0,0,0,0,0,0,0,0,N/A,0,0,0,1,0,1,0,1,0,3,3,3,-1,5,3,5,3,3,-1,5,3,5,3,3,-1,5,3,H,1,1,0,0,-1,-1,0,MaS DE 10 A헲S,ENTRE 6 Y 10 A헲S
11849,21.225322,-86.7313281,2.30E+12,VALID,0,0,0,0,0,1,0,0,0,0,,,0,0,,,0,0,0,0,0,1,1,0,0,1,0,0,0,0,0,0,0,0,0,1,3,3,3,0,1,1,1,1,0,0,0,,,,,,,,,,1,0,1,1,1,0,0,1,0,0,0,0,0,0,0,1,1,1,0,0,0,0,0,0,,,,,0,,,,,1,1,1,1,0,0,0,0,0,-1,-1,-1,-1,-1,-1,-1,-1,-1,-1,-1,1,0,1,1,1,1,0,0,1,1,0,0,1,0,0,0,0,0,0,0,0,0,0,1,1,1,0,1,1,1,1,1,1,1,0,0,0,0,0,-,0,0,0,0,0,0,0,0,0,0,N/A,0,0,1,1,1,1,1,N/A,1,0,0,0,1,0,1,0,1,5,5,-1,-1,1,1,5,3,3,-1,1,1,5,3,3,-1,1,1,H,2,1,1,0,-1,-1,1,MaS DE 10 A헲S,MaS DE 10 A헲S
11850,21.2244118,-86.7256413,2.30E+12,VALID,0,1,1,0,1,1,1,1,1,-,,,1,,,,1,0,1,1,0,1,0,0,0,0,1,0,0,1,0,1,0,0,0,1,2,2,2,0,1,1,1,1,0,0,1,1,0,1,1,1,0,1,0,1,0,1,1,1,1,0,0,1,0,1,0,0,0,0,0,0,0,0,1,1,0,0,0,0,,,,,0,,,,,1,1,1,0,0,0,0,0,0,-1,-1,-1,-1,-1,-1,-1,-1,-1,-1,-1,1,0,1,1,1,1,0,0,0,0,1,0,0,0,0,0,1,0,0,0,0,0,0,1,0,0,0,1,1,1,1,1,1,1,1,0,0,0,1,0,0,0,1,1,0,0,0,0,0,0,0,0,0,0,0,1,0,0,N/A,0,0,0,0,0,0,0,1,0,3,3,4,-1,3,2,3,3,3,-1,3,2,3,3,4,-1,3,2,M,6,2,4,2,1,1,1,MaS DE 10 A헲S,MaS DE 10 A헲S
11869,21.225204,-86.7306175,2.30E+12,VALID,0,0,1,0,0,1,1,1,0,1,"SABADO, SABADO","NOCHE, NOCHE",0,1,"SABADO, SABADO","0CHE, 0CHE",1,0,0,0,0,1,1,0,0,0,0,0,0,0,0,0,0,1,0,1,2,3,3,0,1,1,1,1,0,0,0,,,,,,,,,,1,0,1,1,1,0,0,1,1,1,0,1,1,0,0,1,1,1,0,0,0,0,0,0,,,,,0,,,,,1,1,1,0,1,1,1,1,1,0,0,0,1,0,0,0,0,1,0,0,1,0,1,1,1,1,0,0,0,1,0,0,1,0,0,0,1,1,0,0,0,0,1,0,0,1,0,1,1,1,1,1,1,1,0,0,0,0,1,0,0,0,0,0,0,0,0,0,0,0,N/A,0,0,1,1,1,1,1,N/A,1,1,1,0,1,0,1,0,1,1,1,3,-1,1,1,1,1,1,-1,1,3,1,1,1,-1,1,2,M,9,7,2,2,1,1,1,MaS DE 10 A헲S,MaS DE 10 A헲S
11874,21.2246488,-86.7254239,2.30E+12,VALID,0,0,1,1,1,1,0,0,0,0,,,0,0,,,0,0,1,0,0,1,1,0,0,0,1,0,1,1,0,0,0,1,0,1,1,2,3,0,1,1,1,1,0,0,0,,,,,,,,,,0,1,1,1,1,0,0,1,0,1,0,0,1,0,1,0,0,0,1,1,0,0,0,0,,,,,0,,,,,1,0,1,0,0,0,0,0,1,0,1,1,0,1,1,1,0,1,0,0,1,0,1,1,0,1,0,0,1,0,0,0,0,0,0,0,1,0,0,0,0,0,0,0,0,0,0,1,1,1,1,1,0,1,1,0,0,0,0,-,0,0,0,0,0,0,0,0,0,0,0,0,N/A,0,0,-1,0,0,N/A,0,0,0,0,0,0,0,1,0,3,1,3,-1,1,1,2,1,4,-1,1,1,2,1,4,-1,-1,-1,H,5,2,3,0,-1,-1,1,MaS DE 10 A헲S,MaS DE 10 A헲S
11882,21.2251464,-86.7298799,2.30E+12,VALID,0,0,0,0,0,1,0,0,0,0,,,1,,,,0,0,0,0,0,0,0,0,0,1,1,0,0,0,0,0,0,0,0,1,5,5,5,0,1,1,1,1,0,0,0,,,,,,,,,,0,0,1,1,0,0,0,1,0,1,0,0,0,0,0,0,0,0,0,0,0,0,0,0,,,,,0,,,,,0,0,1,0,0,0,0,0,1,1,1,1,0,1,1,1,1,0,1,0,1,1,1,1,1,1,0,0,0,0,0,0,0,0,0,0,0,0,0,0,0,0,0,1,0,0,0,1,1,1,1,1,1,1,1,0,0,1,0,-,0,0,0,1,1,1,1,1,0,0,N/A,N/A,0,0,0,0,0,0,N/A,0,0,0,0,1,0,1,0,1,1,2,3,-1,5,4,1,2,2,-1,5,4,1,2,2,-1,5,3,M,3,1,2,1,1,1,0,MaS DE 10 A헲S,ENTRE 1 Y 5 A헲S
11889,21.224045,-86.7255167,2.30E+12,VALID,0,1,0,1,0,0,-1,-1,-1,-,,,1,,,,0,0,0,0,0,1,1,0,0,1,0,0,1,1,0,1,0,0,0,1,1,1,1,1,1,1,1,1,0,0,0,,,,,,,,,,0,0,1,1,0,0,0,1,0,0,0,1,1,0,0,0,0,0,1,0,0,0,0,0,,,,,0,,,,,0,0,1,0,0,0,0,0,0,-1,-1,-1,-1,-1,-1,-1,-1,-1,-1,-1,1,1,1,1,1,1,0,0,0,0,0,0,0,0,0,0,0,0,0,0,0,0,0,1,0,0,0,1,1,1,1,1,1,1,1,1,0,1,0,-,0,0,0,0,0,0,0,0,0,1,N/A,0,N/A,0,0,-1,0,0,N/A,0,0,0,0,0,1,1,0,0,2,1,3,-1,4,4,1,1,4,-1,4,4,4,4,4,-1,-1,-1,M,2,1,1,0,-1,-1,1,MaS DE 10 A헲S,MaS DE 10 A헲S
11903,21.2255144,-86.7296728,2.30E+12,VALID,1,1,1,1,1,1,1,1,1,-,,,0,0,,,1,1,1,1,0,1,1,1,1,1,1,1,1,1,1,1,0,1,1,5,5,5,5,0,1,1,1,1,1,1,0,,,,,,,,,,1,1,1,1,1,0,0,1,1,1,0,0,0,0,0,1,1,1,0,0,0,0,0,0,,,,,0,,,,,1,1,1,1,0,1,1,1,1,1,1,1,0,1,1,1,1,0,1,1,1,0,1,1,1,1,0,0,1,1,0,0,1,0,0,0,1,1,0,0,1,1,1,1,1,1,0,1,1,1,1,1,1,1,1,1,0,1,1,0,0,0,0,1,0,1,0,0,0,0,0,N/A,0,1,1,1,1,1,N/A,0,1,1,0,1,0,1,0,1,1,1,5,-1,3,3,1,1,1,-1,3,3,1,1,1,-1,3,3,H,15,10,5,4,1,1,1,MaS DE 10 A헲S,MaS DE 10 A헲S
11912,21.2238964,-86.7248319,2.30E+12,VALID,1,0,0,1,1,1,0,1,1,-,,,1,,,,0,0,0,0,0,1,0,0,0,0,0,0,1,0,0,1,0,0,0,1,1,1,2,0,1,1,1,1,0,0,0,,,,,,,,,,0,0,1,1,0,0,0,1,0,0,0,0,0,0,0,0,0,0,0,0,0,0,0,0,,,,,0,,,,,1,1,1,0,0,0,0,0,0,-1,-1,-1,-1,-1,-1,-1,-1,-1,-1,-1,1,0,1,1,1,1,0,0,1,1,0,1,0,0,0,0,0,0,0,0,0,0,0,0,0,0,0,1,1,1,1,1,1,1,0,0,0,0,0,-,0,0,1,0,0,0,0,0,0,0,0,N/A,N/A,0,0,-1,0,0,N/A,0,0,0,0,0,1,0,1,0,1,1,3,-1,1,1,1,1,4,-1,1,1,2,1,4,-1,-1,-1,H,3,2,1,0,-1,-1,1,MaS DE 10 A헲S,MaS DE 10 A헲S
11926,21.2253558,-86.7306764,2.30E+12,VALID,0,0,0,1,0,1,0,0,0,0,,,0,0,,,0,0,0,0,0,1,1,0,0,1,1,0,0,0,0,0,0,0,0,1,5,5,5,0,1,1,1,1,0,0,0,,,,,,,,,,1,0,1,1,1,0,0,1,1,1,0,0,0,0,0,1,1,1,0,0,0,0,0,0,,,,,0,,,,,1,1,1,1,1,0,1,0,1,1,1,1,1,1,1,1,1,1,1,0,1,0,1,1,1,1,0,0,1,1,0,0,1,0,0,0,1,0,1,0,1,1,1,0,0,0,0,1,1,1,1,1,1,1,0,0,0,0,0,-,0,0,0,0,0,0,0,0,0,0,N/A,0,0,1,1,1,1,0,N/A,0,1,0,0,1,0,1,0,1,1,1,3,-1,1,1,1,1,1,-1,1,1,1,1,1,-1,1,1,M,4,2,2,1,1,1,1,MaS DE 10 A헲S,MaS DE 10 A헲S
11942,21.2234718,-86.7252544,2.30E+12,VALID,0,0,1,1,1,1,0,1,1,-,,,1,,,,0,0,1,0,0,1,1,0,0,1,0,0,1,0,0,0,0,0,0,1,1,3,5,0,1,1,1,1,0,0,0,,,,,,,,,,1,1,1,1,0,0,0,1,0,0,0,0,0,0,0,0,1,1,0,0,0,0,0,0,,,,,0,,,,,1,1,1,0,0,0,0,0,0,-1,-1,-1,-1,-1,-1,-1,-1,-1,-1,-1,1,1,1,1,1,1,0,0,0,1,0,0,0,0,0,0,0,0,0,0,0,0,0,0,0,0,0,1,1,1,1,1,1,1,1,0,0,0,0,-,0,0,0,0,0,0,0,0,0,0,0,N/A,N/A,0,0,-1,1,0,N/A,0,0,0,0,0,1,1,1,0,2,1,3,-1,3,3,3,3,3,-1,3,3,3,1,3,-1,-1,-1,M,3,1,2,0,-1,-1,1,MaS DE 10 A헲S,MaS DE 10 A헲S
11965,21.2233927,-86.7256906,2.30E+12,VALID,0,0,0,0,0,0,-1,-1,-1,-,,,0,0,,,0,0,0,0,0,1,1,0,0,1,0,0,1,0,0,0,0,0,0,1,1,1,1,1,1,1,1,1,0,0,0,,,,,,,,,,1,0,1,1,0,0,0,1,0,1,0,0,0,0,0,0,0,0,0,0,0,0,0,0,,,,,0,,,,,1,1,1,0,0,0,0,0,1,1,1,1,0,1,1,1,1,0,1,1,1,0,1,1,0,1,0,0,0,1,0,0,0,0,0,0,0,0,0,0,0,0,0,0,0,0,0,1,1,1,1,1,1,1,0,0,0,0,0,-,0,0,0,0,0,0,0,0,0,0,0,0,0,0,0,1,0,0,N/A,0,0,0,0,1,0,0,0,0,1,1,3,-1,1,1,1,1,3,-1,1,1,1,1,2,-1,-1,-1,H,3,2,1,1,1,1,0,ENTRE 1 Y 5 A헲S,ENTRE 1 Y 5 A헲S
11979,21.224508,-86.7300499,2.30E+12,VALID,0,0,0,1,0,1,0,0,0,0,,,0,0,,,0,0,0,0,0,1,1,0,0,0,0,0,0,0,0,0,0,0,0,5,5,5,5,0,1,1,1,1,0,0,0,,,,,,,,,,0,0,1,0,0,0,0,0,0,0,0,0,0,0,0,0,0,0,0,0,0,0,0,0,,,,,0,,,,,0,0,0,0,0,0,0,0,0,-1,-1,-1,-1,-1,-1,-1,-1,-1,-1,-1,1,0,1,1,1,0,0,0,0,0,1,0,0,0,0,0,0,0,0,0,0,0,0,1,0,0,0,1,1,1,1,1,1,1,0,0,0,0,0,-,0,0,0,0,0,0,0,0,0,0,N/A,N/A,0,1,1,1,1,1,N/A,0,0,0,1,0,0,0,1,0,5,3,3,-1,5,5,5,3,3,-1,5,5,5,3,3,-1,5,5,H,8,4,4,2,1,1,1,MaS DE 10 A헲S,MaS DE 10 A헲S
11989,21.2230883,-86.7253676,2.30E+12,VALID,0,0,1,1,0,1,0,0,0,0,,,1,,,,1,1,0,0,0,1,1,0,0,1,0,0,1,0,0,0,0,1,0,1,1,1,3,0,1,1,1,1,0,0,0,,,,,,,,,,1,1,1,1,0,0,0,1,1,1,0,0,0,0,0,0,1,1,0,0,0,0,0,0,,,,,0,,,,,1,1,1,0,0,0,0,0,1,1,1,1,0,1,1,1,0,0,1,1,1,0,1,1,1,0,0,0,1,1,0,0,0,0,0,0,0,0,0,0,0,0,1,0,0,0,0,1,1,1,1,1,1,1,0,0,0,0,0,-,0,0,1,0,0,0,0,0,0,0,0,N/A,0,0,0,0,0,0,N/A,0,1,1,1,0,1,0,1,0,4,5,5,-1,4,5,4,4,5,-1,4,5,4,3,4,-1,5,5,M,6,3,3,3,1,1,1,MaS DE 10 A헲S,MaS DE 10 A헲S
12015,21.2227702,-86.7254513,2.30E+12,VALID,0,0,0,1,1,1,0,0,1,-,,,1,,,,0,1,0,0,0,1,1,1,0,0,0,0,1,0,0,0,0,1,0,1,1,3,3,1,1,1,1,1,0,0,0,,,,,,,,,,0,0,1,1,0,0,1,1,0,1,0,1,1,0,0,0,0,0,1,1,0,0,1,1,0,1,0,0,0,,,,,1,1,1,0,0,0,0,0,1,0,1,1,0,1,1,0,0,1,1,0,1,0,1,1,0,1,0,0,0,1,1,0,0,1,0,0,1,1,0,1,1,1,1,0,0,0,0,1,1,1,1,0,0,0,1,1,0,1,1,1,0,0,0,1,1,0,0,0,0,0,N/A,0,N/A,0,0,-1,0,0,N/A,0,0,0,0,1,1,0,1,0,1,1,3,-1,1,3,1,1,2,-1,1,3,1,1,3,-1,1,3,H,5,4,1,0,-1,-1,1,MaS DE 10 A헲S,MaS DE 10 A헲S
12017,21.225505,-86.7296879,2.30E+12,VALID,1,0,1,1,1,1,0,0,1,-,,,1,,,,1,1,0,0,0,1,1,0,0,0,1,0,1,1,1,0,0,0,0,1,1,1,3,0,1,1,1,1,0,0,0,,,,,,,,,,1,0,1,1,0,0,0,0,0,0,0,0,0,0,0,1,1,1,0,0,0,0,0,0,,,,,0,,,,,1,1,1,1,0,0,0,0,1,1,1,1,0,1,1,1,1,0,1,1,1,0,1,1,1,1,0,0,1,1,0,0,0,0,0,0,0,0,0,0,0,0,0,0,0,1,0,1,1,1,1,1,1,1,0,0,0,0,0,-,0,0,1,0,0,0,0,0,0,0,N/A,N/A,0,0,0,0,0,0,N/A,0,0,0,1,0,1,0,1,0,3,3,3,-1,5,5,3,3,3,-1,5,5,3,3,3,-1,5,5,M,5,2,3,2,1,1,1,MaS DE 10 A헲S,MaS DE 10 A헲S
12035,21.2227444,-86.72568,2.30E+12,VALID,0,0,1,0,1,1,0,1,1,-,,,1,,,,1,1,0,0,0,1,1,1,0,0,1,0,1,0,0,0,0,0,0,1,1,1,3,0,1,1,1,1,0,0,0,,,,,,,,,,1,1,1,1,1,0,0,1,1,0,0,0,1,0,0,0,1,1,1,0,0,0,0,0,,,,,0,,,,,1,0,1,0,0,0,0,0,1,1,1,1,0,1,1,0,0,0,0,1,1,0,1,1,1,1,0,0,0,1,0,0,0,0,0,0,0,0,0,0,0,0,0,0,0,0,0,1,1,1,1,1,0,1,1,0,0,0,0,-,0,0,1,0,0,0,0,0,0,0,0,0,N/A,0,0,-1,0,0,N/A,0,1,0,1,0,1,0,1,0,4,4,5,-1,4,5,4,3,5,-1,5,3,3,3,4,-1,5,3,H,5,1,4,0,-1,-1,1,MaS DE 10 A헲S,MaS DE 10 A헲S
12057,21.2250478,-86.7292031,2.30E+12,VALID,0,0,0,0,1,1,0,0,0,1,"MARTES, MIERCOLES, MARTES, MIERCOLES","TARDE, TARDE",1,,,,1,0,0,0,0,1,1,0,0,1,1,0,1,1,0,1,1,1,1,5,5,5,5,1,0,0,1,1,0,0,1,0,0,1,1,1,0,0,0,1,1,0,1,1,1,0,0,1,1,1,0,0,1,0,0,1,1,1,0,0,0,0,0,0,,,,,0,,,,,1,1,1,1,1,0,0,0,1,1,1,1,0,1,1,1,1,0,1,1,1,0,1,1,1,1,0,0,1,1,1,0,1,1,0,0,1,1,1,1,1,1,1,1,0,1,0,1,1,1,1,1,1,1,0,0,0,0,0,-,1,0,0,1,0,0,0,1,1,1,0,N/A,0,1,0,1,1,1,N/A,0,1,1,0,1,0,1,1,1,3,1,5,-1,3,1,3,1,1,-1,3,1,3,1,1,-1,3,1,H,6,4,2,1,1,1,1,MaS DE 10 A헲S,MaS DE 10 A헲S
12061,21.222925,-86.72588,2.30E+12,VALID,0,0,0,0,0,1,0,0,0,1,"LUNES, MARTES, MIERCOLES, JUEVES, VIERNES, SABADO, DOMINGO, LUNES, MARTES, MIERCOLES, JUEVES, VIERNES, SABADO, DOMINGO","MA칌ANA, TARDE, TARDE, MA칌ANA",0,1,"VIERNES, SABADO, DOMINGO, VIERNES, DOMINGO, MIERCOLES, JUEVES, MARTES, MIERCOLES, JUEVES, SABADO, LUNES, MARTES, LUNES","TARDE, MA칌ANA, TARDE, MA칌ANA",1,0,0,0,0,1,0,0,0,0,0,0,0,0,0,0,0,0,0,1,1,1,4,0,1,1,1,1,0,0,0,,,,,,,,,,0,0,1,1,0,0,1,1,0,0,0,0,0,0,0,0,0,0,0,0,0,0,0,0,,,,,0,,,,,1,1,1,0,0,0,0,0,1,1,1,1,0,1,1,0,0,0,1,0,1,0,1,1,1,0,0,0,1,1,0,0,0,0,0,0,0,0,0,0,0,0,0,0,0,0,0,1,1,1,1,1,0,0,0,0,0,0,0,-,0,0,0,0,0,0,0,0,1,0,N/A,N/A,0,1,0,1,0,0,N/A,1,1,1,0,0,0,0,0,0,1,1,4,-1,1,2,1,1,3,-1,1,1,1,1,3,-1,-1,-1,M,6,1,5,3,1,0,0,MaS DE 10 A헲S,ENTRE 1 Y 5 A헲S
12081,21.2241608,-86.7298399,2.30E+12,VALID,0,0,1,1,0,1,0,0,0,0,,,1,,,,0,0,0,0,0,1,1,0,0,1,1,0,1,1,1,0,0,0,0,3,4,5,5,0,1,1,1,1,0,0,0,,,,,,,,,,1,0,1,0,0,0,0,0,0,0,0,0,0,0,0,1,1,1,0,0,0,0,0,0,,,,,0,,,,,1,1,1,0,0,0,0,0,1,1,1,1,1,1,1,1,1,1,1,0,1,0,1,1,1,0,0,0,1,0,0,0,0,0,0,0,0,0,0,0,0,0,0,1,0,1,0,1,1,1,1,1,1,1,0,0,0,0,0,-,0,0,1,1,0,0,0,0,0,0,0,N/A,0,1,1,1,1,0,N/A,0,1,1,1,0,1,0,1,0,4,1,4,-1,1,3,3,1,1,-1,1,3,3,1,1,-1,1,3,M,20,9,11,4,1,1,1,MaS DE 10 A헲S,MaS DE 10 A헲S
12095,21.2239636,-86.7294188,2.30E+12,VALID,0,0,0,1,0,0,-1,-1,-1,-,,,0,0,,,0,0,0,0,0,1,1,0,0,0,0,0,1,0,0,0,0,0,0,5,5,5,5,0,1,1,1,1,0,0,0,,,,,,,,,,1,0,1,1,0,0,0,1,0,0,0,0,0,0,0,0,0,0,0,0,0,0,0,0,,,,,0,,,,,1,1,1,0,0,0,0,0,1,1,1,1,0,1,1,1,1,0,1,1,1,0,1,1,1,1,0,0,0,0,0,0,0,0,0,0,0,0,0,0,0,0,0,1,0,1,1,1,1,1,1,1,1,1,0,0,0,0,0,-,0,0,0,0,0,0,0,0,0,0,N/A,N/A,0,1,1,1,0,0,N/A,0,0,0,1,0,1,0,1,0,3,3,3,-1,3,3,4,3,3,-1,3,3,3,3,3,-1,3,3,M,5,2,3,2,1,1,0,MENOS DE UN A헲,MENOS DE UN A헲
12105,21.2242617,-86.729057,2.30E+12,VALID,0,0,1,1,0,1,0,1,1,-,,,0,0,,,1,1,1,1,0,1,1,1,0,0,1,0,0,0,0,0,0,0,0,5,5,5,5,0,1,1,1,1,0,0,0,,,,,,,,,,1,1,1,1,1,0,0,1,0,0,0,0,0,0,0,1,1,1,0,0,0,0,0,0,,,,,0,,,,,1,1,1,0,0,0,0,0,1,1,1,1,0,1,1,1,1,0,1,0,1,0,1,1,1,0,0,0,1,1,0,0,0,0,0,0,1,0,0,0,0,0,0,1,0,1,0,1,1,1,1,1,1,1,0,0,0,0,0,-,0,0,0,1,0,0,0,0,0,0,0,N/A,N/A,1,1,-1,0,0,N/A,0,1,1,1,0,1,0,1,0,5,5,-1,-1,5,5,5,3,3,-1,5,5,5,3,3,-1,5,5,M,2,1,1,0,-1,-1,1,MaS DE 10 A헲S,MaS DE 10 A헲S
12118,21.2240785,-86.7286554,2.30E+12,VALID,0,0,0,1,0,1,0,0,0,0,,,0,0,,,1,0,0,0,0,1,1,0,0,1,1,0,0,0,0,0,0,0,0,2,3,5,5,0,1,1,1,1,0,0,0,,,,,,,,,,0,0,1,0,0,0,0,0,0,0,0,0,0,0,0,0,0,0,0,0,0,0,0,0,,,,,0,,,,,0,0,1,0,0,0,0,0,0,-1,-1,-1,-1,-1,-1,-1,-1,-1,-1,-1,1,0,1,1,1,0,0,0,0,0,0,0,0,0,0,0,0,0,0,0,0,0,0,0,0,1,0,1,1,1,1,1,1,1,0,0,0,0,0,-,0,0,0,1,0,0,0,0,0,0,N/A,N/A,0,1,1,1,0,0,N/A,0,1,1,0,1,0,1,0,1,3,3,3,-1,3,3,3,3,3,-1,3,3,3,3,3,-1,3,3,M,3,1,2,1,1,1,0,MENOS DE UN A헲,MENOS DE UN A헲
12130,21.2236293,-86.7287085,2.30E+12,VALID,1,0,0,1,0,1,1,1,0,1,"SABADO, SABADO","MA칌ANA, MA칌ANA",0,0,,,1,0,0,0,1,1,0,0,0,0,1,0,1,0,0,0,0,0,0,1,3,3,3,0,1,1,1,1,0,0,0,,,,,,,,,,1,0,1,1,0,0,0,1,1,1,0,0,0,0,0,0,0,0,1,1,1,0,1,0,,,,,0,,,,,1,1,1,0,0,0,0,0,1,1,1,1,0,1,1,1,1,0,1,1,1,0,1,1,1,0,0,0,0,0,0,0,0,0,0,0,0,0,0,0,0,0,0,0,0,0,0,1,1,1,1,1,1,1,0,0,0,0,0,-,0,0,0,0,0,0,0,0,0,0,N/A,N/A,N/A,1,1,-1,0,0,N/A,0,0,0,0,1,1,1,0,1,2,2,2,-1,2,2,2,2,2,-1,2,2,2,2,2,-1,2,2,M,5,2,3,1,1,0,1,MaS DE 10 A헲S,MaS DE 10 A헲S
12138,21.2233769,-86.7290294,2.30E+12,VALID,0,1,1,1,0,1,0,0,1,-,,,1,,,,0,0,0,0,0,1,1,0,0,0,0,0,0,0,0,1,0,0,0,1,1,3,5,0,1,1,1,1,0,0,0,,,,,,,,,,0,0,1,1,0,0,0,1,1,1,0,0,0,0,0,0,0,0,1,1,1,0,1,0,,,,,0,,,,,1,1,1,1,0,0,0,0,1,1,1,1,0,1,1,1,1,0,1,1,1,0,1,1,1,1,0,0,0,0,0,0,0,0,0,0,1,0,0,0,0,0,0,1,0,1,0,1,1,1,1,1,1,1,1,0,0,0,0,-,0,0,0,1,0,0,0,0,0,0,N/A,0,0,1,1,1,0,0,N/A,0,1,0,1,0,1,0,1,0,3,3,3,-1,3,4,3,3,3,-1,3,3,3,3,3,-1,3,4,M,7,2,5,2,1,0,1,MaS DE 10 A헲S,MaS DE 10 A헲S
12146,21.2231506,-86.7283859,2.30E+12,VALID,0,0,0,1,1,1,0,0,1,-,,,1,,,,1,0,0,0,0,1,1,0,0,0,0,0,0,0,0,0,0,0,0,1,1,1,5,0,1,1,1,1,0,0,0,,,,,,,,,,0,0,1,1,0,0,0,1,0,0,0,0,0,0,0,1,1,1,0,0,0,0,0,0,,,,,0,,,,,1,1,1,0,0,0,0,0,1,1,1,1,0,1,1,1,1,0,1,1,1,0,1,1,1,0,0,0,0,0,0,0,0,0,0,0,0,0,0,0,0,0,0,0,0,0,0,1,1,1,1,1,1,1,1,1,1,1,0,-,0,0,1,1,0,0,0,0,0,0,N/A,N/A,0,1,1,1,0,0,N/A,0,0,0,0,0,0,0,0,0,3,3,3,-1,3,3,3,3,3,-1,3,3,3,3,3,-1,3,3,M,5,3,2,1,1,1,1,MaS DE 10 A헲S,MaS DE 10 A헲S
12149,21.2227465,-86.7270001,2.30E+12,VALID,0,0,0,1,0,1,0,1,0,0,,,0,0,,,1,0,0,0,0,1,1,0,0,0,1,0,1,1,1,1,0,1,0,1,1,1,3,0,1,1,1,1,0,0,0,,,,,,,,,,1,0,1,1,0,0,0,1,1,1,0,0,0,0,0,0,0,0,0,0,0,0,0,0,,,,,0,,,,,1,1,1,0,0,0,0,0,1,0,0,1,0,1,1,1,0,1,1,1,1,1,1,1,1,1,0,0,0,0,0,0,0,0,0,0,0,0,0,0,0,0,0,0,0,1,0,1,1,1,1,1,1,1,1,0,0,0,0,-,0,0,0,1,0,0,0,0,0,0,N/A,N/A,0,0,0,0,0,0,N/A,0,0,0,0,1,1,1,0,0,1,1,4,-1,1,1,1,1,4,-1,1,1,1,1,4,-1,-1,-1,M,5,2,3,2,1,1,1,MaS DE 10 A헲S,MaS DE 10 A헲S
12153,21.2230754,-86.7279112,2.30E+12,VALID,0,0,0,0,0,1,0,0,0,0,,,0,0,,,0,0,0,0,0,1,1,0,0,0,0,0,0,0,0,0,0,0,0,1,5,5,5,0,1,1,1,1,0,0,0,,,,,,,,,,0,0,1,1,0,0,0,1,1,1,0,0,0,0,0,0,0,0,1,1,1,0,1,0,,,,,0,,,,,1,1,1,0,0,0,0,0,1,1,1,1,0,1,1,1,1,0,1,1,1,0,1,1,1,1,0,0,0,0,0,0,0,0,0,0,0,0,0,0,0,0,0,0,0,0,0,1,1,1,1,1,1,1,0,0,0,0,0,-,0,0,1,0,0,0,0,0,0,0,0,N/A,N/A,0,0,-1,0,0,N/A,0,0,0,1,0,1,0,1,0,5,3,-1,-1,5,5,5,3,3,-1,5,5,5,3,3,-1,3,4,M,10,5,5,4,1,1,1,MaS DE 10 A헲S,MaS DE 10 A헲S
12158,21.2223729,-86.7267374,2.30E+12,VALID,0,0,0,0,0,1,0,0,0,0,,,0,0,,,1,0,0,0,0,1,0,0,0,1,1,0,1,1,0,1,0,1,0,1,2,2,2,0,1,1,1,1,0,0,0,,,,,,,,,,1,0,0,0,0,0,0,1,0,1,1,1,1,0,0,0,0,0,1,1,1,0,0,0,,,,,0,,,,,1,1,1,0,0,0,1,0,1,0,1,1,0,1,1,0,0,0,0,1,1,0,1,1,1,1,0,0,1,1,0,0,0,0,0,1,1,1,0,1,1,0,0,0,0,0,0,1,1,1,1,1,1,0,1,0,0,0,0,-,0,0,0,0,0,0,0,0,0,0,0,0,0,0,0,1,0,0,N/A,0,1,1,0,1,0,1,0,0,1,1,3,-1,1,1,1,1,3,-1,1,1,1,1,2,-1,1,1,M,4,3,1,2,1,1,0,MaS DE 10 A헲S,ENTRE 1 Y 5 A헲S
12162,21.2233514,-86.7279257,2.30E+12,VALID,0,0,0,0,0,1,0,0,1,-,,,1,,,,1,0,0,0,0,1,1,0,0,0,0,0,0,0,0,0,0,0,0,1,5,5,5,0,1,1,1,1,0,0,0,,,,,,,,,,1,0,0,1,1,0,0,1,0,0,0,0,0,0,0,1,1,1,0,0,0,0,0,0,,,,,0,,,,,1,1,1,0,0,0,0,0,1,1,1,1,1,1,1,1,1,1,1,1,1,0,1,1,1,1,0,0,0,0,0,0,0,0,0,0,0,0,0,0,0,0,1,0,0,0,0,1,1,1,1,1,1,1,1,1,0,0,0,-,0,0,0,1,0,0,0,0,0,0,N/A,0,0,0,0,0,0,0,N/A,0,0,0,0,0,0,0,0,0,5,1,3,-1,5,5,5,1,1,-1,5,5,5,1,1,-1,5,5,M,20,5,15,5,1,1,1,MaS DE 10 A헲S,ENTRE 6 Y 10 A헲S
12166,21.2227836,-86.7280879,2.30E+12,VALID,0,0,0,1,0,0,-1,-1,-1,-,,,0,0,,,0,0,0,0,0,1,1,0,0,0,0,0,0,0,0,0,0,0,0,2,2,3,5,0,1,1,0,0,0,0,0,,,,,,,,,,1,0,0,0,0,0,0,0,0,0,0,0,0,0,0,1,1,1,0,0,0,0,0,0,,,,,0,,,,,1,1,1,0,0,0,0,0,1,1,1,1,0,1,1,1,1,0,1,1,1,0,1,1,1,0,0,0,1,1,0,0,0,0,0,0,0,0,0,0,0,0,0,0,0,1,0,1,1,1,1,1,1,1,1,0,0,0,0,-,0,0,1,0,0,0,0,0,0,0,N/A,N/A,N/A,1,0,-1,0,0,N/A,0,0,0,0,1,0,1,0,1,1,1,-1,-1,2,2,1,1,1,-1,1,3,1,1,2,-1,2,2,H,1,1,0,0,-1,-1,0,MENOS DE UN A헲,MENOS DE UN A헲
12168,21.2223307,-86.7268935,2.30E+12,VALID,0,0,0,1,1,1,0,0,1,-,,,1,,,,1,1,0,0,0,1,1,1,0,0,0,0,1,0,1,1,0,0,0,1,1,1,3,0,1,1,1,1,0,0,0,,,,,,,,,,1,1,1,1,1,0,0,1,1,1,0,0,0,0,1,0,1,1,0,0,0,0,0,0,,,,,0,,,,,1,1,1,0,0,0,1,1,1,1,1,1,0,1,1,1,0,1,0,1,1,0,1,1,1,1,0,0,0,1,0,0,0,1,0,0,0,0,0,0,1,0,1,1,0,0,0,1,1,1,1,1,0,0,1,0,0,0,0,-,0,0,1,0,0,0,0,0,0,0,N/A,0,0,1,0,1,1,0,N/A,0,1,0,0,0,1,0,0,0,2,1,3,-1,1,1,1,1,3,-1,1,1,2,2,4,-1,-1,-1,M,4,1,3,1,1,0,1,MaS DE 10 A헲S,MaS DE 10 A헲S
12179,21.2219361,-86.7267528,2.30E+12,VALID,0,0,0,1,0,1,0,0,0,0,,,0,0,,,1,0,1,0,0,1,1,0,0,0,1,0,0,0,0,0,0,0,0,1,1,1,3,0,1,1,1,1,0,0,0,,,,,,,,,,1,0,1,1,0,0,0,1,0,0,0,0,0,0,0,0,0,0,0,0,0,0,0,0,,,,,0,,,,,0,0,1,0,0,0,0,0,1,1,1,1,0,1,1,1,1,0,1,1,1,0,1,0,1,1,0,0,0,1,0,0,0,0,0,0,0,0,0,0,0,0,1,1,0,0,0,1,1,1,1,1,1,1,0,0,0,1,1,0,0,0,0,0,0,0,0,0,0,0,N/A,N/A,N/A,0,0,0,0,0,N/A,0,0,0,0,1,1,1,0,0,1,1,4,-1,1,1,1,1,4,-1,1,1,3,3,5,-1,4,-1,M,3,1,2,1,1,1,0,MaS DE 10 A헲S,MaS DE 10 A헲S
12349,21.2307765,-86.7335594,2.30E+12,VALID,0,0,1,1,1,1,1,1,1,-,,,0,1,"JUEVES, JUEVES","TARDE, TARDE",0,0,1,0,0,1,0,0,0,1,0,0,1,0,0,0,0,0,0,3,3,3,3,0,1,1,1,1,0,0,0,,,,,,,,,,1,0,1,0,0,0,0,0,0,0,0,0,0,0,1,0,1,1,0,0,0,0,0,0,,,,,0,,,,,1,0,1,0,0,0,0,0,0,-1,-1,-1,-1,-1,-1,-1,-1,-1,-1,-1,1,0,0,1,1,0,0,0,0,1,0,0,0,0,0,0,0,0,0,0,1,0,0,1,0,0,0,1,1,1,1,1,1,1,1,0,0,0,0,-,1,0,0,0,0,0,0,0,0,0,N/A,N/A,0,1,0,-1,0,0,N/A,0,1,1,1,0,1,0,1,0,3,3,4,-1,3,2,2,2,2,-1,3,2,3,2,3,-1,2,-1,M,4,2,2,2,1,1,0,ENTRE 6 Y 10 A헲S,ENTRE 6 Y 10 A헲S
12358,21.2312693,-86.7325378,2.30E+12,VALID,0,0,0,1,0,1,0,0,0,0,,,0,0,,,0,0,0,0,0,0,0,0,0,1,0,0,1,0,0,1,0,0,0,4,5,5,5,0,1,1,1,1,0,0,0,,,,,,,,,,0,0,1,0,0,0,0,0,0,0,0,0,0,0,0,0,0,0,0,0,0,0,0,0,,,,,0,,,,,0,0,1,0,0,0,0,0,0,-1,-1,-1,-1,-1,-1,-1,-1,-1,-1,-1,0,1,1,1,1,0,0,0,0,1,0,0,0,0,0,0,0,0,0,0,0,0,0,1,0,0,0,1,1,1,1,1,1,1,1,0,0,0,0,-,0,0,0,0,0,0,0,0,0,0,N/A,N/A,0,0,0,0,0,0,N/A,0,1,1,0,0,0,0,0,0,2,2,3,-1,2,3,2,2,2,-1,2,2,2,2,2,-1,2,-1,H,3,1,2,1,1,1,1,MaS DE 10 A헲S,ENTRE 6 Y 10 A헲S
12364,21.2309418,-86.7322752,2.30E+12,VALID,0,0,1,1,0,1,0,0,1,-,,,1,,,,0,0,0,0,0,1,0,0,0,1,1,0,0,0,0,0,0,0,0,3,4,5,5,0,1,1,1,1,0,0,0,,,,,,,,,,1,0,1,0,0,0,0,0,0,0,0,0,0,0,0,0,1,1,0,0,0,0,0,0,,,,,0,,,,,0,0,1,0,0,0,0,0,1,0,1,1,0,1,1,0,0,0,0,1,1,0,1,1,1,0,0,0,0,1,0,0,0,0,0,0,0,0,0,0,0,0,0,1,0,0,0,1,1,1,1,1,1,0,0,0,0,0,1,0,0,0,1,0,0,0,0,0,0,0,N/A,N/A,0,1,0,1,0,0,N/A,0,1,1,0,0,1,0,1,0,2,2,4,-1,2,2,3,3,3,-1,4,4,3,3,3,-1,-1,-1,H,15,5,10,3,1,1,1,MaS DE 10 A헲S,MaS DE 10 A헲S
12372,21.2308576,-86.7322873,2.30E+12,VALID,0,0,0,1,0,1,1,1,1,-,,,1,,,,1,1,1,0,0,1,1,0,0,0,1,0,0,1,0,0,0,0,0,5,5,5,5,0,1,1,1,1,0,0,0,,,,,,,,,,1,1,1,0,0,0,0,0,0,0,0,0,0,0,0,0,1,1,0,0,0,0,0,0,,,,,0,,,,,0,0,1,0,0,0,0,0,1,1,1,1,0,1,1,0,1,0,0,1,1,1,1,1,1,0,0,0,0,1,0,0,0,0,0,0,0,0,0,0,0,0,0,0,0,0,0,1,1,1,1,1,1,1,1,0,0,0,0,-,0,0,0,0,0,0,0,0,0,0,0,N/A,0,0,0,0,0,0,N/A,0,1,1,0,0,1,0,1,0,3,3,3,-1,3,3,3,3,3,-1,3,2,3,3,3,-1,-1,-1,M,4,3,1,2,1,1,1,MaS DE 10 A헲S,MaS DE 10 A헲S
12391,21.2305064,-86.7322337,2.30E+12,VALID,1,1,1,1,0,1,1,1,1,-,,,1,,,,1,1,1,0,0,1,1,0,0,0,0,0,0,0,0,0,0,0,0,3,4,5,5,0,1,1,1,1,0,0,0,,,,,,,,,,0,0,1,0,0,0,0,0,0,0,0,0,0,0,0,0,1,1,0,0,0,0,0,0,,,,,0,,,,,1,0,1,0,0,0,0,0,1,0,1,1,0,1,1,1,1,0,1,1,1,1,1,1,1,0,0,0,1,0,0,0,0,0,0,0,0,0,0,0,1,0,0,1,0,0,0,1,1,1,1,1,1,1,1,0,0,0,0,-,0,0,0,0,0,0,0,0,0,0,N/A,0,0,0,0,0,0,0,N/A,0,1,1,1,0,1,0,1,0,4,4,4,-1,4,4,3,4,4,-1,2,2,4,3,3,-1,2,-1,M,5,2,3,1,1,1,1,MaS DE 10 A헲S,ENTRE 6 Y 10 A헲S
12398,21.2316648,-86.7330836,2.30E+12,VALID,0,0,1,1,0,1,1,1,0,0,,,0,0,,,0,0,0,0,0,1,1,0,0,1,0,0,0,0,0,0,0,0,0,3,4,4,4,0,1,1,1,1,1,1,0,,,,,,,,,,1,0,1,1,0,0,0,0,0,0,0,0,0,0,0,0,1,1,0,0,0,0,0,0,,,,,0,,,,,1,0,1,0,0,0,0,0,1,0,1,1,0,0,0,0,0,0,0,1,1,1,1,1,1,0,0,0,0,1,0,0,0,0,0,0,0,0,0,0,0,0,0,1,0,1,0,1,1,1,1,1,1,1,1,0,0,0,0,-,0,0,1,0,0,0,0,0,0,0,N/A,N/A,0,0,0,0,0,0,N/A,0,1,1,1,0,1,0,0,0,3,3,3,-1,2,3,3,3,3,-1,2,3,3,3,2,-1,-1,-1,M,4,2,2,2,0,1,0,ENTRE 1 Y 5 A헲S,ENTRE 1 Y 5 A헲S
12414,21.2320766,-86.7329174,2.30E+12,VALID,0,0,0,1,1,1,1,1,1,-,,,0,0,,,1,0,0,0,0,1,0,0,0,1,0,0,0,0,0,0,0,0,0,3,3,3,3,0,1,1,1,1,0,0,0,,,,,,,,,,0,1,1,0,0,0,0,0,0,0,0,0,0,0,0,0,1,1,0,0,0,0,0,0,,,,,0,,,,,0,0,1,0,0,0,0,0,1,1,1,1,0,0,0,0,1,0,0,0,0,1,1,1,1,0,0,0,1,1,1,1,0,0,0,0,0,0,0,0,1,0,0,0,0,0,0,1,1,1,1,1,1,1,1,0,0,0,0,-,0,0,0,0,0,0,0,0,0,0,N/A,N/A,N/A,0,0,-1,0,0,N/A,0,0,0,1,0,1,0,1,0,4,3,-1,-1,4,5,4,3,4,-1,4,5,5,4,3,-1,4,5,H,6,3,3,2,1,1,1,MaS DE 10 A헲S,ENTRE 6 Y 10 A헲S
12425,21.2322397,-86.7335299,2.30E+12,VALID,0,0,0,0,0,1,0,0,0,0,,,0,1,"VIERNES, VIERNES","TARDE, TARDE",0,0,0,0,0,1,0,0,0,0,0,0,0,0,0,0,0,0,0,1,3,3,3,0,1,1,1,1,0,0,0,,,,,,,,,,0,0,1,0,0,0,0,0,0,0,0,0,0,0,0,0,1,1,0,0,0,0,0,0,,,,,0,,,,,0,0,1,0,0,0,0,0,0,-1,-1,-1,-1,-1,-1,-1,-1,-1,-1,-1,1,1,1,1,1,0,0,0,1,1,0,1,0,0,0,0,0,0,0,0,0,0,0,1,0,1,0,1,1,1,1,1,1,1,1,0,0,0,0,-,0,0,0,0,0,0,0,0,0,0,0,N/A,0,0,0,-1,0,0,N/A,0,1,1,0,0,1,0,1,0,2,2,4,-1,2,2,3,2,2,-1,2,2,3,3,1,-1,1,-1,M,3,1,2,1,1,1,0,MaS DE 10 A헲S,ENTRE 1 Y 5 A헲S
12435,21.2328082,-86.733908,2.30E+12,VALID,0,0,0,1,0,1,0,0,0,0,,,0,0,,,1,0,0,0,0,1,0,0,0,1,0,0,0,0,0,0,0,0,0,3,4,5,5,0,1,1,1,1,0,0,0,,,,,,,,,,1,0,1,0,0,0,0,0,0,0,0,0,0,0,0,0,1,1,0,0,0,0,0,0,,,,,0,,,,,1,1,1,0,0,0,0,0,0,-1,-1,-1,-1,-1,-1,-1,-1,-1,-1,-1,1,1,1,1,1,0,0,0,1,1,0,0,0,0,0,0,0,0,0,0,1,0,0,1,0,1,0,1,1,1,1,1,0,1,1,0,0,0,0,-,0,0,0,0,0,0,0,0,0,0,0,N/A,N/A,0,0,-1,0,0,N/A,0,1,1,0,0,1,0,0,0,2,2,3,-1,2,3,3,2,3,-1,2,2,3,3,3,-1,-1,-1,M,5,2,3,2,1,0,0,ENTRE 6 Y 10 A헲S,ENTRE 1 Y 5 A헲S
12448,21.2336488,-86.7342113,2.30E+12,VALID,0,0,0,1,0,1,0,0,0,0,,,0,1,"SABADO, SABADO","TARDE, TARDE",0,0,0,0,0,1,0,0,0,0,0,0,0,0,0,0,0,0,0,4,5,5,5,0,1,1,1,1,0,0,0,,,,,,,,,,0,0,1,0,0,0,0,0,0,0,0,0,0,0,0,0,1,1,0,0,0,0,0,0,,,,,0,,,,,1,1,1,0,0,0,0,0,0,-1,-1,-1,-1,-1,-1,-1,-1,-1,-1,-1,1,1,1,1,1,0,0,0,0,1,0,0,0,0,0,0,0,0,0,0,0,0,0,0,0,0,0,1,1,1,1,1,1,1,1,0,0,0,0,-,0,0,0,0,0,0,0,0,0,0,N/A,N/A,N/A,0,0,-1,0,0,N/A,0,1,1,1,0,1,0,1,0,3,3,-1,-1,4,4,3,3,3,-1,4,4,3,3,4,-1,-1,-1,M,3,2,1,0,-1,-1,1,MaS DE 10 A헲S,MaS DE 10 A헲S
12461,21.2337536,-86.7337295,2.30E+12,VALID,0,0,0,0,1,1,0,0,1,-,,,1,,,,1,0,0,0,0,1,0,1,0,1,1,0,1,1,0,1,0,0,0,5,5,5,5,0,1,1,1,1,0,0,0,,,,,,,,,,1,0,1,0,0,0,0,0,0,0,0,0,0,0,0,0,1,1,1,0,0,0,0,0,,,,,0,,,,,1,1,1,0,0,0,0,0,1,0,1,1,0,0,1,0,0,0,1,1,1,1,1,1,1,1,0,0,1,1,0,0,0,0,0,0,0,0,0,0,1,0,0,1,0,1,0,1,1,1,1,1,1,1,1,0,0,0,0,-,0,0,0,0,0,0,0,0,0,0,0,N/A,1,1,0,-1,0,0,N/A,0,1,1,0,1,1,1,0,1,2,1,3,-1,2,2,1,2,1,-1,1,1,2,2,3,-1,2,-1,H,3,1,2,0,-1,-1,1,MaS DE 10 A헲S,MaS DE 10 A헲S
12473,21.2340753,-86.7333154,2.30E+12,VALID,0,0,1,0,1,1,0,0,1,-,,,0,0,,,0,0,0,0,0,1,0,0,0,1,0,0,1,1,0,0,0,0,0,5,5,5,5,0,1,1,1,1,0,0,0,,,,,,,,,,1,0,1,0,0,0,0,0,0,0,0,0,0,0,0,0,1,1,0,0,0,0,0,0,,,,,0,,,,,1,1,1,0,0,0,0,0,1,1,1,1,0,1,1,0,0,0,1,1,1,1,1,1,0,1,0,0,0,1,0,0,0,0,0,0,1,0,0,0,1,0,0,1,0,1,0,1,1,1,1,1,1,1,1,0,0,0,0,-,0,0,0,0,0,0,0,0,0,0,N/A,0,N/A,0,0,-1,0,0,N/A,0,1,1,0,0,1,0,1,0,1,1,2,-1,1,1,2,2,2,-1,1,1,2,2,2,-1,1,-1,H,6,1,5,0,-1,-1,0,MaS DE 10 A헲S,MaS DE 10 A헲S
12483,21.2343347,-86.7335354,2.30E+12,VALID,0,0,1,1,0,1,0,0,0,0,,,1,,,,0,0,0,0,0,1,0,0,0,1,0,0,0,0,0,0,0,0,0,4,4,2,3,0,1,1,1,1,0,0,0,,,,,,,,,,1,0,1,0,0,0,0,0,0,0,0,0,0,0,0,0,0,0,0,0,0,0,0,0,,,,,0,,,,,0,1,1,0,0,0,0,0,1,0,1,1,1,1,1,0,0,0,0,0,1,1,1,1,1,1,0,0,0,1,0,0,0,0,0,0,0,0,0,0,0,0,0,1,0,0,0,1,1,1,1,1,1,1,1,0,0,0,0,-,0,0,0,0,0,0,0,0,0,0,N/A,N/A,N/A,0,0,-1,0,0,N/A,0,1,1,1,0,1,0,1,0,4,4,4,-1,3,3,3,3,3,-1,2,2,3,3,3,-1,3,-1,M,2,1,1,0,-1,-1,1,MaS DE 10 A헲S,ENTRE 6 Y 10 A헲S
12497,21.2344738,-86.7336758,2.30E+12,VALID,1,0,0,0,0,1,1,1,0,0,,,1,,,,1,0,0,0,0,1,1,0,0,1,0,0,0,0,0,0,0,0,0,3,3,3,3,0,1,1,1,0,0,0,0,,,,,,,,,,0,0,1,0,0,0,0,0,0,0,0,0,0,0,0,0,1,1,0,0,0,0,0,0,,,,,0,,,,,0,0,1,0,0,0,0,0,1,0,1,1,0,1,1,0,0,0,0,1,1,1,1,1,1,1,0,0,0,1,0,0,0,0,0,0,0,0,0,0,0,0,0,1,0,0,0,1,1,1,1,1,1,1,0,0,0,0,0,-,1,0,1,0,0,0,0,0,0,0,0,N/A,0,1,0,1,1,0,N/A,1,1,1,1,1,1,1,1,1,1,2,3,-1,1,1,1,1,1,-1,2,1,1,1,1,-1,1,-1,H,10,7,3,4,1,1,1,MaS DE 10 A헲S,MaS DE 10 A헲S
12507,21.2349862,-86.7342503,2.30E+12,VALID,0,0,1,1,0,1,0,1,1,-,,,1,,,,0,0,0,0,0,1,0,1,0,1,0,0,0,1,0,0,0,0,0,4,5,5,5,0,1,1,1,1,0,0,0,,,,,,,,,,0,0,1,0,0,0,0,0,0,0,0,0,0,0,0,0,0,0,1,0,0,0,0,0,,,,,0,,,,,0,0,1,0,0,0,0,0,0,-1,-1,-1,-1,-1,-1,-1,-1,-1,-1,-1,0,1,1,1,1,0,0,0,0,1,0,0,0,0,0,0,0,0,0,0,0,0,0,1,0,1,0,1,1,1,1,1,1,1,1,0,0,0,0,-,0,0,0,0,0,0,0,0,0,0,0,N/A,N/A,0,0,-1,1,0,N/A,0,1,1,0,0,1,0,0,0,3,3,3,-1,2,2,2,2,3,-1,2,3,2,3,3,-1,-1,-1,M,2,1,1,0,-1,-1,1,MaS DE 10 A헲S,MaS DE 10 A헲S
12539,21.2360941,-86.7357165,2.30E+12,VALID,0,0,0,0,0,1,0,0,0,0,,,1,,,,0,0,0,0,0,1,0,0,0,0,0,0,0,0,0,0,0,0,0,3,3,4,3,0,1,1,1,1,0,0,0,,,,,,,,,,0,0,1,0,0,0,0,0,0,0,0,0,0,0,0,0,1,1,0,0,0,0,0,0,,,,,0,,,,,0,1,1,0,0,0,0,0,1,0,1,1,0,0,0,0,1,0,1,1,1,1,1,1,1,0,0,0,0,1,0,0,0,0,0,0,0,0,0,0,0,0,0,1,0,1,0,1,1,1,1,1,1,1,1,0,0,0,0,-,0,0,0,0,0,0,0,0,0,0,N/A,N/A,0,0,0,0,0,0,N/A,0,1,1,0,0,1,0,1,0,2,2,3,-1,2,2,2,2,3,-1,2,2,2,2,2,-1,-1,-1,M,5,2,3,1,1,0,0,MaS DE 10 A헲S,MaS DE 10 A헲S
12550,21.2359938,-86.7348158,2.30E+12,VALID,0,0,0,0,0,1,1,1,1,-,,,0,1,"SABADO, SABADO","TARDE, TARDE",1,0,0,0,0,1,1,0,0,0,1,0,1,0,0,1,0,0,0,3,5,5,5,0,1,1,1,1,0,0,0,,,,,,,,,,1,0,1,0,0,0,0,0,0,0,0,0,0,0,0,0,1,1,0,0,0,0,0,0,,,,,0,,,,,0,1,1,0,0,0,0,0,1,1,1,1,0,1,1,0,0,0,1,1,1,1,1,1,1,1,0,0,0,1,0,0,0,0,0,0,0,0,0,0,0,0,0,1,0,0,0,1,1,1,1,1,1,1,1,0,0,0,0,-,0,0,1,0,0,0,0,0,0,0,0,N/A,0,1,0,0,0,0,N/A,0,1,1,0,0,1,0,1,0,2,2,4,-1,2,2,2,2,3,-1,2,3,2,3,3,-1,-1,-1,M,3,1,2,1,1,1,0,MaS DE 10 A헲S,ENTRE 6 Y 10 A헲S
12556,21.2354076,-86.7332422,2.30E+12,VALID,0,0,0,1,0,1,0,0,0,0,,,0,0,,,0,0,0,0,0,1,0,0,0,1,1,0,1,0,0,0,0,0,0,3,5,5,5,0,1,1,1,1,0,0,0,,,,,,,,,,0,0,1,0,0,0,0,0,0,0,0,0,0,0,0,0,1,1,1,0,0,0,0,0,,,,,0,,,,,1,0,1,0,0,0,0,0,1,0,1,1,0,1,1,0,1,0,1,1,1,1,1,1,1,1,0,0,1,1,0,0,0,0,0,0,0,0,0,0,0,0,0,1,0,1,0,1,1,1,1,1,1,1,1,0,0,0,0,-,0,0,1,0,0,0,0,0,0,0,0,N/A,N/A,1,1,-1,0,0,N/A,0,1,1,0,0,1,0,0,0,2,2,-1,-1,2,2,3,3,3,-1,2,3,2,3,3,-1,-1,-1,M,4,3,1,0,-1,-1,0,MaS DE 10 A헲S,ENTRE 1 Y 5 A헲S
12564,21.2355962,-86.7328069,2.30E+12,VALID,0,0,0,1,0,1,0,0,0,0,,,0,0,,,0,0,0,0,0,1,0,1,0,1,1,0,1,1,1,0,0,0,0,3,5,5,5,0,1,1,1,1,0,0,0,,,,,,,,,,0,0,1,0,1,0,0,0,0,0,0,0,0,0,0,0,1,1,0,0,0,0,0,0,,,,,0,,,,,0,0,1,0,0,0,0,0,1,0,1,1,0,1,1,0,0,0,1,1,1,1,1,1,1,1,0,0,1,1,0,0,0,0,0,0,0,0,0,0,0,0,0,1,0,1,0,1,1,1,1,1,1,1,1,0,0,0,0,-,0,0,0,0,0,0,0,1,1,1,N/A,N/A,N/A,0,0,-1,0,0,N/A,0,1,1,0,0,0,0,1,0,1,1,2,-1,1,1,1,1,3,-1,1,2,1,2,2,-1,-1,-1,M,5,2,3,1,1,1,1,MaS DE 10 A헲S,MaS DE 10 A헲S
12862,21.2394156,-86.7379061,2.30E+12,VALID,0,0,0,1,0,1,1,1,1,-,,,1,,,,0,0,0,0,0,1,0,1,0,0,0,0,0,0,0,1,0,0,0,2,3,2,2,0,1,1,1,1,0,0,0,,,,,,,,,,1,0,1,0,0,0,0,0,0,0,0,0,0,0,1,0,1,1,0,0,0,0,0,0,,,,,0,,,,,0,0,1,0,0,0,0,0,0,-1,-1,-1,-1,-1,-1,-1,-1,-1,-1,-1,1,1,1,1,0,0,0,0,0,1,0,0,0,0,0,0,0,0,0,0,0,0,0,1,0,0,0,1,1,1,1,1,1,1,1,0,0,0,1,0,0,0,0,0,0,0,0,0,0,0,0,N/A,N/A,1,0,-1,0,0,N/A,0,1,1,0,0,1,0,1,0,2,2,3,-1,3,3,2,2,2,-1,2,2,3,3,3,-1,-1,-1,H,2,1,1,0,-1,-1,1,MaS DE 10 A헲S,MaS DE 10 A헲S
12880,21.2404577,-86.7383654,2.30E+12,VALID,0,0,1,0,1,1,0,0,0,0,,,0,0,,,0,0,0,0,0,1,0,0,0,1,0,0,0,1,0,1,0,0,0,3,3,4,4,1,1,1,1,1,0,0,0,,,,,,,,,,1,0,1,0,0,0,0,0,0,0,0,0,0,0,0,0,0,0,0,0,0,0,0,0,,,,,0,,,,,0,0,1,0,0,0,0,0,1,0,1,1,0,1,0,0,0,0,1,1,1,0,1,1,1,0,0,0,0,1,0,0,0,0,0,0,0,0,0,0,0,0,0,1,0,0,0,1,1,1,1,1,1,1,1,0,0,0,0,-,0,0,1,0,0,0,0,0,0,0,0,N/A,0,0,0,0,0,0,N/A,0,1,1,0,1,0,0,1,0,2,2,3,-1,2,2,2,2,2,-1,2,2,2,2,3,-1,3,-1,H,13,6,7,7,1,1,1,MaS DE 10 A헲S,MaS DE 10 A헲S
12891,21.2392739,-86.7382217,2.30E+12,VALID,0,0,1,0,0,1,0,0,0,0,,,0,0,,,0,0,0,0,0,1,0,0,0,0,0,0,0,1,0,0,0,0,0,3,3,4,5,0,1,1,1,1,0,0,0,,,,,,,,,,0,0,1,0,0,0,0,0,0,0,0,0,0,0,0,0,0,0,0,0,0,0,0,0,,,,,0,,,,,0,0,1,0,0,0,0,0,1,1,1,1,0,0,0,0,0,0,0,1,1,0,1,1,1,0,0,0,0,0,0,0,0,0,0,0,0,0,0,0,0,0,0,1,0,0,0,1,1,1,1,1,1,1,0,0,0,0,0,-,0,0,0,0,0,0,0,0,0,0,N/A,N/A,N/A,0,0,-1,0,0,N/A,0,1,1,0,0,0,0,1,0,1,1,3,-1,1,1,1,1,3,-1,1,1,1,2,3,-1,1,-1,H,1,1,0,0,-1,-1,0,MaS DE 10 A헲S,ENTRE 6 Y 10 A헲S
12900,21.2377126,-86.7380107,2.30E+12,VALID,0,0,0,1,1,1,1,1,1,-,,,0,1,"SABADO, SABADO","TARDE, TARDE",0,0,0,0,0,1,0,0,0,1,0,1,1,0,0,1,0,0,0,4,4,5,5,0,1,1,1,1,0,0,0,,,,,,,,,,1,0,1,0,0,0,0,0,0,0,0,0,0,0,0,0,1,1,0,0,0,0,0,0,,,,,0,,,,,1,0,1,0,0,0,0,0,1,0,1,1,0,1,0,1,0,0,0,1,1,0,1,1,1,0,0,0,0,1,0,0,0,0,0,0,0,0,0,0,0,0,0,1,0,0,0,1,1,1,1,1,1,1,0,0,0,0,1,0,0,0,0,0,0,0,0,0,0,0,0,N/A,0,0,0,1,0,0,N/A,0,1,1,0,0,1,0,1,0,2,2,-1,-1,2,2,3,3,3,-1,2,2,2,3,3,-1,-1,-1,H,4,2,2,2,1,1,1,MaS DE 10 A헲S,MaS DE 10 A헲S
12914,21.2375391,-86.7374762,2.30E+12,VALID,0,0,0,0,0,1,0,0,1,-,,,0,1,"LUNES, LUNES","TARDE, TARDE",0,0,0,0,0,1,0,0,0,1,1,0,1,0,0,1,0,0,0,5,4,5,5,0,1,1,1,1,0,0,0,,,,,,,,,,0,0,1,0,0,0,0,0,0,0,0,0,0,0,0,0,0,0,1,1,0,0,0,0,,,,,0,,,,,0,0,1,0,0,0,0,0,1,0,1,1,0,1,1,0,1,0,0,1,1,1,1,1,1,1,0,0,0,0,0,0,0,0,0,0,0,0,0,0,0,0,0,1,0,0,0,1,1,1,1,1,1,1,1,0,0,0,0,-,0,0,0,0,0,1,0,0,0,0,N/A,0,N/A,1,0,-1,1,0,N/A,0,1,1,0,1,0,1,0,0,2,1,2,-1,1,1,2,1,3,-1,1,2,2,2,2,-1,2,2,M,3,2,1,0,-1,-1,1,MaS DE 10 A헲S,ENTRE 1 Y 5 A헲S
12928,21.236795,-86.735881,2.30E+12,VALID,0,0,0,1,1,1,0,0,0,0,,,1,,,,0,0,0,0,0,1,0,1,0,1,0,0,1,0,0,1,0,0,0,3,4,4,4,0,1,1,1,1,0,0,0,,,,,,,,,,1,0,1,0,0,0,0,0,0,0,0,0,0,0,0,0,0,0,0,0,0,0,0,0,,,,,0,,,,,1,0,1,0,0,0,0,0,1,0,1,1,0,1,1,0,0,0,1,1,1,1,1,1,1,0,0,0,0,1,0,0,0,0,0,0,0,0,0,0,0,0,0,1,0,0,0,1,1,1,1,1,1,1,0,0,0,0,1,1,0,0,0,0,0,0,0,0,0,0,0,N/A,0,0,0,1,0,0,N/A,0,1,1,0,0,1,0,0,0,3,3,4,-1,2,3,4,3,3,-1,2,2,3,3,3,-1,-1,-1,M,5,0,5,2,1,0,1,MaS DE 10 A헲S,MaS DE 10 A헲S
12935,21.2367584,-86.7357212,2.30E+12,VALID,0,0,0,1,0,1,0,0,0,0,,,1,,,,0,0,0,0,0,1,0,0,0,1,0,1,1,0,0,1,0,0,0,4,4,5,5,0,1,1,1,1,0,0,0,,,,,,,,,,1,0,1,0,0,0,0,0,0,0,0,0,0,0,0,0,1,1,0,0,0,0,0,0,,,,,0,,,,,1,0,1,0,0,0,0,0,1,0,1,1,0,1,1,0,0,0,0,0,1,0,1,1,1,0,0,0,0,1,0,0,0,0,0,0,0,0,0,0,0,0,0,1,0,0,0,1,1,1,1,1,1,1,1,0,0,0,0,-,0,0,0,0,0,0,0,0,0,0,N/A,N/A,0,0,0,1,0,0,N/A,0,1,1,0,0,1,0,1,0,3,4,4,-1,3,3,3,3,3,-1,3,3,2,3,2,-1,-1,-1,M,8,3,5,2,1,1,1,MaS DE 10 A헲S,MaS DE 10 A헲S
